market,MKT_CUSTOMER_ID_C,SSA_TRADE_N,billing_country,FINIS,MLI,MDSMT_MNTHYR_Y,LOC_BDN,gross_revenue,billed_revenue,gross_pieces
NLD,19800,Hekkert Maastricht B.V.,NLD, 1073958,0015,202506,19.469900772,21.811386242,21.6997306,1.0
NLD,19800,Hekkert Maastricht B.V.,NLD, 1460220,0577,202506,47.900330761,53.660911146,53.436611759,10.0
NLD,01206,Auto Zutphen B.V.,NLD, 0027420,0870,202506,64.0,71.696755718,71.696755718,0.0
NLD,02803,Garage Wilp V.O.F.,NLD, 0027405,0855,202506,244.0,273.343881175,273.343881175,0.0
NLD,23400,Autobedrijf Poll B.V.,NLD, 2128722,0102,202501,41.039285371,45.97474405,45.750928416,4.0
NLD,23400,Autobedrijf Poll B.V.,NLD, 2257904,0022,202501,1.840361156,2.061686317,2.308098722,1.0
NLD,06600,Gerritse Oss,NLD, 2240193,0132,202501,107.03966958,119.912453826,119.28512443,8.0
NLD,06600,Gerritse Oss,NLD, 2221680,0505,202501,59.970223802,67.182351373,66.845551886,3.0
NLD,06600,Gerritse Oss,NLD, 2207424,0187,202501,584.500048026,654.793080876,651.656433895,40.0
NLD,06600,Gerritse Oss,NLD, 2207430,0132,202501,31.840361156,35.669540573,35.489842444,2.0
NLD,10300,Gerritse Culemborg,NLD, 2245341,0022,202501,7.240418788,8.111164646,8.065971104,4.0
NLD,23400,Autobedrijf Poll B.V.,NLD, 2120663,0558,202501,801.600230525,898.00212395,893.631262874,30.0
NLD,23400,Autobedrijf Poll B.V.,NLD, 2120643,0558,202501,425.200268946,476.335622269,473.871498225,20.0
NLD,06600,Gerritse Oss,NLD, 2219015,0449,202501,2.679857843,3.002142393,2.991382026,1.0
NLD,10300,Gerritse Culemborg,NLD, 2240193,0132,202501,13.380078763,14.989191233,14.910640554,1.0
NLD,10300,Gerritse Culemborg,NLD, 2129235,0138,202501,13.370473538,14.978430866,14.899880187,1.0
NLD,23400,Autobedrijf Poll B.V.,NLD, 2224378,0084,202501,5.690135434,6.374441412,6.341084274,1.0
NLD,23400,Autobedrijf Poll B.V.,NLD, 2168298,0612,202501,26.05033138,29.183191344,29.036850353,1.0
NLD,23400,Autobedrijf Poll B.V.,NLD, 2215506,0019,202501,9.709922198,10.877655002,10.821701093,1.0
NLD,06600,Gerritse Oss,NLD, 2225817,0454,202501,68.850254538,77.130310666,86.416507388,1.0
NLD,23400,Autobedrijf Poll B.V.,NLD, 2219745,0187,202501,68.59955816,76.849465087,76.513741636,10.0
NLD,06600,Gerritse Oss,NLD, 2189493,0084,202501,15.799635001,17.699727681,17.587819864,5.0
NLD,19800,Hekkert Maastricht B.V.,NLD, 1706974,0444,202505,83.919637754,94.011965082,105.327362844,1.0
NLD,19800,Hekkert Maastricht B.V.,NLD, 1581453,0193,202505,466.200378072,522.26647823,519.6336389,5.0
NLD,19800,Hekkert Maastricht B.V.,NLD, 2214647,0138,202507,29.50021322,33.047962188,37.024533312,1.0
NLD,07301,Automobielbedrijf A. Korpershoek,NLD, 0027420,0870,202511,64.0,71.696755712,71.696755712,0.0
NLD,01207,Autobedrijf Ozinga Lemmer,NLD, 0027420,0870,202511,64.0,71.696755712,71.696755712,0.0
NLD,02803,Garage Wilp V.O.F.,NLD, 0027420,0870,202511,64.0,71.696755712,71.696755712,0.0
NLD,09901,Autobedrijf Van de Wouw B.V.,NLD, 0027405,0855,202511,244.0,273.343881153,273.343881153,0.0
NLD,01206,Auto Zutphen B.V.,NLD, 0027405,0855,202511,244.0,273.343881153,273.343881153,0.0
NLD,19800,Hekkert Maastricht B.V.,NLD, 1232496,0132,202511,47.910073498,53.671825558,53.402536511,3.0
NLD,19800,Hekkert Maastricht B.V.,NLD, 2095058,0002,202503,206.039332596,230.817995209,229.654478594,4.0
NLD,06600,Gerritse Oss,NLD, 2225825,0449,202503,-18.660383709,-20.904515188,-20.803246149,-1.0
NLD,10300,Gerritse Culemborg,NLD, 2209697,0219,202503,382.230129346,428.197815691,426.046387283,3.0
NLD,19800,Hekkert Maastricht B.V.,NLD, 2210970,0219,202503,426.090301486,477.332691423,474.946405031,3.0
NLD,06600,Gerritse Oss,NLD, 2184580,0132,202503,63.061018416,70.644850492,70.273171573,3.0
NLD,06600,Gerritse Oss,NLD, 2256302,0322,202503,100.0,112.026180779,111.465969075,2.0
NLD,06600,Gerritse Oss,NLD, 2190877,0019,202503,17.600615473,19.717297308,19.626801572,2.0
NLD,06600,Gerritse Oss,NLD, 2190122,0465,202503,18.579602827,20.814019451,20.713827743,1.0
NLD,06600,Gerritse Oss,NLD, 2189258,0219,202503,163.960186565,183.678335007,182.759372347,1.0
NLD,06600,Gerritse Oss,NLD, 2100953,0083,202503,14.270327451,15.986502828,15.907857723,1.0
NLD,19800,Hekkert Maastricht B.V.,NLD, 2163763,0457,202503,5.979708612,6.69883918,6.665441943,1.0
NLD,06600,Gerritse Oss,NLD, 2111843,0188,202503,1309.639851902,1467.13950804,1459.801812053,1.0
NLD,06600,Gerritse Oss,NLD, 2168298,0612,202503,26.049911045,29.18272044,29.037280863,1.0
NLD,06600,Gerritse Oss,NLD, 2229798,0465,202503,6.890416887,7.719070878,7.684596312,1.0
NLD,19800,Hekkert Maastricht B.V.,NLD, 1802090,0187,202506,238.199779493,266.846115662,265.502295544,20.0
NLD,19800,Hekkert Maastricht B.V.,NLD, 1718237,0285,202506,18.43969129,20.657281905,20.556495396,1.0
NLD,19800,Hekkert Maastricht B.V.,NLD, 1685747,0074,202506,50.160088203,56.192431104,55.911809844,1.0
NLD,19800,Hekkert Maastricht B.V.,NLD, 1838586,0039,202506,137.530319735,154.069964655,153.296279984,1.0
NLD,19800,Hekkert Maastricht B.V.,NLD, 1766560,0025,202506,249.049614112,279.000771011,312.586392936,1.0
NLD,06202,Garagebedrijf Korterink B.V.,NLD, 0027420,0870,202502,64.0,71.696755713,71.696755713,0.0
NLD,25302,Albers Autobedrijf B.V.,NLD, 0027420,0870,202502,64.0,71.696755713,71.696755713,0.0
NLD,11200,Autobedrijf Jitze Hoogterp B.V.,NLD, 0027405,0855,202502,244.0,273.343881156,273.343881156,0.0
NLD,02701,Auto Oostdijk,NLD, 0027405,0855,202502,244.0,273.343881156,273.343881156,0.0
NLD,01205,Van Leussen Ommen B.V.,NLD, 0027405,0855,202502,244.0,273.343881156,273.343881156,0.0
NLD,19800,Hekkert Maastricht B.V.,NLD, 1362576,0596,202502,11.819802457,13.241273271,13.174343633,1.0
NLD,06600,Gerritse Oss,NLD, 1085270,0184,202502,256.500120453,287.347288695,285.666491167,50.0
NLD,19800,Hekkert Maastricht B.V.,NLD, 1225337,0488,202502,9.400144543,10.530622922,10.48528349,2.0
NLD,06600,Gerritse Oss,NLD, 1110470,0487,202502,16.139725367,18.080717921,20.254851654,1.0
NLD,10300,Gerritse Culemborg,NLD, 1064929,0063,202502,13.379908456,14.989000438,14.9220708,2.0
NLD,10300,Gerritse Culemborg,NLD, 2600772,0068,202502,206.92074199,231.805404538,230.63953342,4.0
NLD,10300,Gerritse Culemborg,NLD, 2636989,0570,202502,224.640809444,251.656519342,250.412923483,3.0
NLD,06600,Gerritse Oss,NLD, 2653372,0505,202502,59.491206938,66.645727046,66.308919834,3.0
NLD,06600,Gerritse Oss,NLD, 2648544,0108,202502,795.120211997,890.742806284,886.284428768,2.0
NLD,10300,Gerritse Culemborg,NLD, 2694412,0161,202502,79.400626355,88.949489238,88.500412956,2.0
NLD,10300,Gerritse Culemborg,NLD, 2635250,0464,202502,55.879547097,62.599722462,62.286664477,1.0
NLD,06600,Gerritse Oss,NLD, 2694285,0053,202502,70.869669959,79.392584602,79.000722365,1.0
NLD,06600,Gerritse Oss,NLD, 2597957,0465,202502,46.530474584,52.126313586,58.399347907,1.0
NLD,19800,Hekkert Maastricht B.V.,NLD, 2707423,0296,202502,698.839797639,782.883535218,778.973548932,1.0
NLD,10300,Gerritse Culemborg,NLD, 2548754,0465,202502,52.980004818,59.351475986,59.060008207,1.0
NLD,06600,Gerritse Oss,NLD, 2612959,0451,202502,123.109612142,137.914996682,137.220871563,1.0
NLD,06600,Gerritse Oss,NLD, 2690193,0466,202502,64.120452903,71.8316945,71.472217572,1.0
NLD,10300,Gerritse Culemborg,NLD, 2601101,0161,202502,47.250301132,52.932707776,52.663909713,1.0
NLD,10300,Gerritse Culemborg,NLD, 2673146,0464,202502,76.829679595,86.069355773,85.644028717,1.0
NLD,10300,Gerritse Culemborg,NLD, 2641074,0069,202502,59.819802457,67.013840056,66.678112354,1.0
NLD,06600,Gerritse Oss,NLD, 2564202,0553,202502,145.420380631,162.908898529,162.090629725,1.0
NLD,10300,Gerritse Culemborg,NLD, 2534263,0175,202502,968.6099735,1085.096760178,1079.674379969,1.0
NLD,06600,Gerritse Oss,NLD, 2589928,0517,202502,7.70994941,8.637161866,8.592901943,1.0
NLD,06600,Gerritse Oss,NLD, 2614504,0044,202502,427.490243315,478.900992886,476.503400522,1.0
NLD,06600,Gerritse Oss,NLD, 2541007,0455,202502,22.649963864,25.37388947,25.250825296,1.0
NLD,19800,Hekkert Maastricht B.V.,NLD, 2796823,0322,202512,174.359949851,195.328792744,194.342733757,4.0
NLD,10300,Gerritse Culemborg,NLD, 2633427,0056,202504,174.00036972,194.925968856,193.984737704,12.0
NLD,19800,Hekkert Maastricht B.V.,NLD, 2590514,0517,202504,15.419169979,17.273507245,18.271688578,2.0
NLD,06600,Gerritse Oss,NLD, 2614604,0068,202504,46.349939921,51.924067518,51.666238522,1.0
NLD,06600,Gerritse Oss,NLD, 2597911,0452,202504,103.509566503,115.957814165,115.375886874,1.0
NLD,19800,Hekkert Maastricht B.V.,NLD, 2391870,0069,202505,469.739306282,526.231004344,523.610969694,6.0
NLD,19800,Hekkert Maastricht B.V.,NLD, 2346924,0385,202505,232.500109905,260.460993383,259.116501918,10.0
NLD,06600,Gerritse Oss,NLD, 2269039,0076,202504,-4.909880765,-5.500351906,-5.477571834,-1.0
NLD,06600,Gerritse Oss,NLD, 2246686,0452,202504,131.139661706,146.910754585,146.171437706,1.0
NLD,06600,Gerritse Oss,NLD, 2412602,0055,202504,7.819576671,8.759973103,8.715448417,1.0
NLD,19800,Hekkert Maastricht B.V.,NLD, 2623954,0553,202505,192.98017321,216.188317666,215.112724494,1.0
NLD,19800,Hekkert Maastricht B.V.,NLD, 2671975,0475,202505,447.440101991,501.250057438,498.740340037,1.0
NLD,19800,Hekkert Maastricht B.V.,NLD, 2688454,0460,202505,201.269617972,225.474666038,224.343914242,1.0
NLD,06600,Gerritse Oss,NLD, 2420298,0455,202502,113.279691641,126.902912169,126.276796198,2.0
NLD,06600,Gerritse Oss,NLD, 2433159,0448,202502,54.140207179,60.651206381,60.359738601,2.0
NLD,06600,Gerritse Oss,NLD, 2373080,0452,202502,19.460370995,21.800710395,21.688441325,1.0
NLD,06600,Gerritse Oss,NLD, 2510219,0452,202502,35.860274633,40.172896096,39.971027671,1.0
NLD,06600,Gerritse Oss,NLD, 2451192,0457,202502,134.800289087,151.011615574,150.260276409,1.0
NLD,06600,Gerritse Oss,NLD, 2508875,0465,202502,21.190074681,23.738431374,26.594815613,1.0
NLD,06600,Gerritse Oss,NLD, 2490173,0015,202502,29.500361359,33.048128153,37.025044077,1.0
NLD,06600,Gerritse Oss,NLD, 2490547,0448,202502,113.009877138,126.600649287,125.962658703,1.0
NLD,06600,Gerritse Oss,NLD, 2406157,0488,202502,224.489520597,251.487036226,250.232645264,1.0
NLD,06600,Gerritse Oss,NLD, 2492147,0562,202502,353.500361359,396.012953951,394.02989354,1.0
NLD,10300,Gerritse Culemborg,NLD, 2504915,0385,202502,162.750180679,182.322811663,181.381478686,7.0
NLD,10300,Gerritse Culemborg,NLD, 2466309,0054,202502,10.720308359,12.009552025,11.964212593,2.0
NLD,10300,Gerritse Culemborg,NLD, 2504179,0097,202502,28.840279451,32.308663601,36.195980171,1.0
NLD,10300,Gerritse Culemborg,NLD, 2502045,0016,202502,16.6099735,18.607518945,18.51791959,1.0
NLD,19800,Hekkert Maastricht B.V.,NLD, 2495322,0385,202502,465.000240906,520.922010606,518.234029973,20.0
NLD,19800,Hekkert Maastricht B.V.,NLD, 2393796,0107,202502,40.650445676,45.539141769,45.314603628,1.0
NLD,19800,Hekkert Maastricht B.V.,NLD, 2412883,0451,202502,10.739580824,12.031142231,13.476606515,1.0
NLD,19800,Hekkert Maastricht B.V.,NLD, 2418379,0011,202502,26.430257769,29.608808355,33.171192326,1.0
NLD,19800,Hekkert Maastricht B.V.,NLD, 2468342,0102,202502,187.440134907,209.982024426,208.906832173,24.0
NLD,02701,Auto Oostdijk,NLD, 0027420,0870,202505,63.999648305,71.696361694,71.696361694,0.0
NLD,05104,Automobielbedr J Noort en Zoon VOF,NLD, 0027405,0855,202505,243.999648305,273.343487058,273.343487058,0.0
NLD,18601,Fa. Autom.bedrijf Stoof Vinkeveen,NLD, 0027405,0855,202505,243.999648305,273.343487058,273.343487058,0.0
NLD,27501,Martijn Kooijman Autobedrijf B.V.,NLD, 0027405,0855,202505,243.999648305,273.343487058,273.343487058,0.0
NLD,19800,Hekkert Maastricht B.V.,NLD, 1729854,0132,202511,76.039775184,85.184456028,84.781491123,4.0
NLD,19800,Hekkert Maastricht B.V.,NLD, 1743276,0477,202511,117.599654129,131.742401155,147.60526961,1.0
NLD,19800,Hekkert Maastricht B.V.,NLD, 1513402,0619,202511,17.450064851,19.5486412,19.447899973,1.0
NLD,11200,Autobedrijf Jitze Hoogterp B.V.,NLD, 0027405,0855,202504,244.00036972,273.344295449,273.344295449,0.0
NLD,01206,Auto Zutphen B.V.,NLD, 0027420,0870,202504,64.00036972,71.697169925,71.697169925,0.0
NLD,18601,Fa. Autom.bedrijf Stoof Vinkeveen,NLD, 0027420,0870,202504,64.00036972,71.697169925,71.697169925,0.0
NLD,06600,Gerritse Oss,NLD, 1337174,0201,202504,-4.420001849,-4.951559264,-4.928779192,-1.0
NLD,10300,Gerritse Culemborg,NLD, 1558894,0254,202504,-4.339587762,-4.861474435,-4.83972982,-1.0
NLD,06600,Gerritse Oss,NLD, 1222990,0612,202504,-18.009982438,-20.175895497,-20.075456089,-1.0
NLD,10300,Gerritse Culemborg,NLD, 1558875,0254,202504,-20.510213513,-22.976808882,-22.864979439,-1.0
NLD,06600,Gerritse Oss,NLD, 1485109,0201,202504,12.419816989,13.913446641,13.846141883,3.0
NLD,19800,Hekkert Maastricht B.V.,NLD, 1520297,0002,202504,128.180053609,143.595218666,142.878681859,2.0
NLD,06600,Gerritse Oss,NLD, 1487793,0022,202504,40.199648766,45.034131226,44.698642895,30.0
NLD,19800,Hekkert Maastricht B.V.,NLD, 1404957,0022,202504,83.100101673,93.093870184,92.757346395,30.0
NLD,19800,Hekkert Maastricht B.V.,NLD, 1145302,0107,202504,32.309825307,36.19546333,40.553705267,1.0
NLD,10300,Gerritse Culemborg,NLD, 1590748,0149,202504,24.909880765,27.905588075,27.770978559,1.0
NLD,19800,Hekkert Maastricht B.V.,NLD, 1029040,0007,202504,31.950272668,35.792670241,35.623890617,5.0
NLD,19800,Hekkert Maastricht B.V.,NLD, 4461059,0026,202508,19.91003974,22.304457117,24.993202869,1.0
NLD,19800,Hekkert Maastricht B.V.,NLD, 2768104,0562,202508,386.229966374,432.67868046,430.516333985,1.0
NLD,19800,Hekkert Maastricht B.V.,NLD, 1814670,0503,202507,71.219616205,79.78461599,79.381417284,1.0
NLD,19800,Hekkert Maastricht B.V.,NLD, 1860580,0084,202507,14.910021322,16.703127438,16.62478077,1.0
NLD,19800,Hekkert Maastricht B.V.,NLD, 5249588,0202,202510,138.30970324,154.94307827,154.170385236,1.0
NLD,19800,Hekkert Maastricht B.V.,NLD, 2858025,0451,202510,29.699833951,33.271589691,37.271468571,1.0
NLD,19800,Hekkert Maastricht B.V.,NLD, 2831033,0488,202510,69.539745391,77.902720927,87.27997096,1.0
NLD,19800,Hekkert Maastricht B.V.,NLD, 1064118,0505,202510,7.93971133,8.894555372,8.849720097,1.0
NLD,19800,Hekkert Maastricht B.V.,NLD, 1094961,0612,202510,64.720057904,72.503409107,72.144726909,2.0
NLD,12200,Autobedrijf Poll Naarden B.V.,NLD, 0027420,0870,202510,63.999659386,71.69637416,71.69637416,0.0
NLD,04501,Autobedrijf Hans Versteden B.V.,NLD, 0027405,0855,202510,243.999659386,273.343499671,273.343499671,0.0
NLD,19800,Hekkert Maastricht B.V.,NLD, 2011881,0201,202506,4.479823594,5.01857528,5.01857528,4.0
NLD,10300,Gerritse Culemborg,NLD, 1848220,0132,202503,45.510410155,50.983574354,50.714241804,3.0
NLD,10300,Gerritse Culemborg,NLD, 1812510,0063,202503,76.559119104,85.76625717,87.156013127,12.0
NLD,06600,Gerritse Oss,NLD, 1797270,0022,202503,2.580179834,2.890476925,2.890476925,3.0
NLD,06600,Gerritse Oss,NLD, 1766781,0022,202503,106.879838438,119.733401025,122.960004972,16.0
NLD,06600,Gerritse Oss,NLD, 1820108,0437,202503,6.520171179,7.304298752,7.259050883,2.0
NLD,10300,Gerritse Culemborg,NLD, 1791421,0487,202503,11.260277925,12.614459304,12.546587502,2.0
NLD,06600,Gerritse Oss,NLD, 1805434,0432,202503,228.001154013,255.420984972,254.076476883,30.0
NLD,06600,Gerritse Oss,NLD, 1830728,0026,202503,116.69952397,130.73401969,130.062842976,30.0
NLD,06600,Gerritse Oss,NLD, 1789148,0022,202503,12.949944704,14.507328464,14.451307294,5.0
NLD,06600,Gerritse Oss,NLD, 1831404,0455,202503,126.270135116,141.455609834,140.749958553,1.0
NLD,06600,Gerritse Oss,NLD, 1824346,0068,202503,51.890176468,58.130582896,57.838626412,1.0
NLD,19800,Hekkert Maastricht B.V.,NLD, 1707464,0626,202503,164.110208203,183.846398518,182.927435858,1.0
NLD,10300,Gerritse Culemborg,NLD, 1712024,0069,202503,75.009857191,84.030678219,83.60513279,1.0
NLD,06600,Gerritse Oss,NLD, 1749120,0465,202503,5.59022936,6.262520449,6.229123213,1.0
NLD,19800,Hekkert Maastricht B.V.,NLD, 1824925,0006,202503,29.960090398,33.56314503,37.595591966,1.0
NLD,06600,Gerritse Oss,NLD, 1743896,0026,202503,44.710294754,50.087235628,49.840527012,1.0
NLD,06600,Gerritse Oss,NLD, 1840037,0069,202503,367.650141847,411.864412539,409.791629235,5.0
NLD,23400,Autobedrijf Poll B.V.,NLD, 1853325,0022,202501,7.299971184,8.177878921,8.13268538,2.0
NLD,23400,Autobedrijf Poll B.V.,NLD, 1771499,0223,202501,35.010085487,39.220461683,39.018166784,3.0
NLD,23400,Autobedrijf Poll B.V.,NLD, 1767062,0022,202501,108.000192105,120.988490526,120.315967589,60.0
NLD,19800,Hekkert Maastricht B.V.,NLD, 1840037,0069,202501,147.059840553,164.745522937,163.916974678,2.0
NLD,06600,Gerritse Oss,NLD, 1862234,0084,202501,11.740466814,13.152396586,13.084606274,2.0
NLD,23400,Autobedrijf Poll B.V.,NLD, 1874816,0478,202501,13.439631159,15.055905508,14.989191233,2.0
NLD,23400,Autobedrijf Poll B.V.,NLD, 1800731,0084,202501,10.659878974,11.941855298,12.625138603,2.0
NLD,19800,Hekkert Maastricht B.V.,NLD, 1829702,0107,202501,75.420228604,84.490401695,84.064291161,2.0
NLD,23400,Autobedrijf Poll B.V.,NLD, 1857708,0201,202501,5.220439919,5.848259465,6.564899908,2.0
NLD,06600,Gerritse Oss,NLD, 1766956,0022,202501,4.239746422,4.749625994,4.749625994,4.0
NLD,06600,Gerritse Oss,NLD, 1761929,0109,202501,78.719623475,88.186587759,87.784150034,6.0
NLD,19800,Hekkert Maastricht B.V.,NLD, 1770305,0187,202501,264.799731054,296.645025603,295.077240131,20.0
NLD,06600,Gerritse Oss,NLD, 1752110,0022,202501,7.050235328,7.898109379,8.850401859,5.0
NLD,23400,Autobedrijf Poll B.V.,NLD, 1836873,0062,202501,18.739794448,20.99347602,23.514630008,1.0
NLD,23400,Autobedrijf Poll B.V.,NLD, 1841609,0096,202501,328.530400538,368.040060657,366.202189973,1.0
NLD,10300,Gerritse Culemborg,NLD, 1857515,0358,202501,23.16972433,25.956157281,25.821652693,1.0
NLD,23400,Autobedrijf Poll B.V.,NLD, 1873837,0052,202501,533.55009125,597.715790154,594.724408127,1.0
NLD,10300,Gerritse Culemborg,NLD, 1758588,0015,202501,25.560464893,28.634412627,28.488071636,1.0
NLD,06600,Gerritse Oss,NLD, 1853489,0166,202501,174.840073,195.866656379,194.891767128,1.0
NLD,10300,Gerritse Culemborg,NLD, 1787788,0254,202501,6.629526462,7.426805304,8.323143876,1.0
NLD,23400,Autobedrijf Poll B.V.,NLD, 1732959,0090,202501,37.150129671,41.617871451,41.404816184,1.0
NLD,06600,Gerritse Oss,NLD, 1844196,0082,202501,25.400057631,28.454714498,31.882967425,1.0
NLD,23400,Autobedrijf Poll B.V.,NLD, 1806466,0457,202501,29.170108539,32.678158546,32.510296821,1.0
NLD,10300,Gerritse Culemborg,NLD, 1796561,0457,202501,34.860243973,39.052599958,38.862141462,1.0
NLD,23400,Autobedrijf Poll B.V.,NLD, 1751681,0481,202501,85.599846316,95.894238643,95.412174201,1.0
NLD,06600,Gerritse Oss,NLD, 1815863,0470,202501,39.210450485,43.925970173,43.701078503,1.0
NLD,23400,Autobedrijf Poll B.V.,NLD, 1765373,0459,202501,78.739794448,88.20918453,87.77231363,1.0
NLD,23400,Autobedrijf Poll B.V.,NLD, 1873025,0136,202501,119.349726251,133.702940175,133.031493274,1.0
NLD,06600,Gerritse Oss,NLD, 1805434,0432,202501,75.200268946,84.24398929,83.795281986,10.0
NLD,23400,Autobedrijf Poll B.V.,NLD, 1835546,0187,202501,63.099606186,70.688078942,70.352355491,10.0
NLD,10300,Gerritse Culemborg,NLD, 1802090,0187,202501,119.099990395,133.423170633,132.750647696,10.0
NLD,10300,Gerritse Culemborg,NLD, 1805582,0201,202501,9.249831909,10.362233422,10.306279514,5.0
NLD,23400,Autobedrijf Poll B.V.,NLD, 1848220,0132,202501,75.849582173,84.971390099,84.523758832,5.0
NLD,23400,Autobedrijf Poll B.V.,NLD, 1872633,0482,202501,499.110556143,559.13449427,556.33357074,5.0
NLD,06600,Gerritse Oss,NLD, 2087319,0465,202504,-6.520011092,-7.304119417,-7.270984767,-1.0
NLD,06600,Gerritse Oss,NLD, 2206746,0453,202504,-10.219983363,-11.449057044,-11.393142322,-1.0
NLD,10300,Gerritse Culemborg,NLD, 2207964,0074,202504,-23.959700527,-26.841137443,-26.706527927,-1.0
NLD,06600,Gerritse Oss,NLD, 2021101,0513,202504,86.490433497,96.891929444,96.420796139,3.0
NLD,10300,Gerritse Culemborg,NLD, 2113383,0513,202504,57.659672798,64.593929324,64.281221064,2.0
NLD,19800,Hekkert Maastricht B.V.,NLD, 2029469,0022,202504,11.359645069,12.725776528,14.24997043,4.0
NLD,06600,Gerritse Oss,NLD, 2080249,0116,202504,123.199926056,138.016171967,137.344159846,20.0
NLD,19800,Hekkert Maastricht B.V.,NLD, 2038573,0457,202504,20.800443664,23.301942636,23.189077734,1.0
NLD,06600,Gerritse Oss,NLD, 2190232,0198,202504,97.789999076,109.550401215,109.001608573,1.0
NLD,19800,Hekkert Maastricht B.V.,NLD, 2219015,0449,202504,2.679545244,3.001792201,2.991437623,1.0
NLD,19800,Hekkert Maastricht B.V.,NLD, 2011907,0055,202504,19.819761531,22.203321896,24.881015802,1.0
NLD,19800,Hekkert Maastricht B.V.,NLD, 2209697,0219,202504,127.41011184,142.732682307,142.015110042,1.0
NLD,19800,Hekkert Maastricht B.V.,NLD, 2049023,0025,202504,79.560033275,89.128066758,99.849196959,1.0
NLD,19800,Hekkert Maastricht B.V.,NLD, 2193984,0512,202504,31.660042518,35.467536487,35.288402285,1.0
NLD,06600,Gerritse Oss,NLD, 2162050,0505,202504,19.989832702,22.393846133,22.28201669,1.0
NLD,19800,Hekkert Maastricht B.V.,NLD, 2066235,0132,202504,87.599593308,98.13447882,97.631246323,5.0
NLD,19800,Hekkert Maastricht B.V.,NLD, 4767188,0022,202506,9.959867696,11.157659393,12.502467614,4.0
NLD,19800,Hekkert Maastricht B.V.,NLD, 2830421,0457,202506,32.38985667,36.285119397,36.106272749,1.0
NLD,19800,Hekkert Maastricht B.V.,NLD, 2756524,0576,202506,386.280044101,432.734780636,430.57281121,1.0
NLD,19800,Hekkert Maastricht B.V.,NLD, 2580321,0069,202508,146.499847155,164.118183655,163.311951305,2.0
NLD,19800,Hekkert Maastricht B.V.,NLD, 2727937,0531,202508,131.819730119,147.672609202,146.933889027,1.0
NLD,19800,Hekkert Maastricht B.V.,NLD, 2689523,0358,202508,14.050395214,15.740121146,17.633397358,1.0
NLD,06600,Gerritse Oss,NLD, 6184142,0488,202504,34.949625659,39.152730846,43.85785115,3.0
NLD,06600,Gerritse Oss,NLD, 2792364,0522,202504,212.149921435,237.663454652,236.487174576,5.0
NLD,06600,Gerritse Oss,NLD, 5271712,0109,202504,-13.210093354,-14.798763071,-14.720068277,-1.0
NLD,06600,Gerritse Oss,NLD, 6789160,0022,202504,-1.099916813,-1.232194798,-1.220804762,-1.0
NLD,06600,Gerritse Oss,NLD, 2635220,0551,202501,264.039957737,295.793880573,294.382120423,14.0
NLD,23400,Autobedrijf Poll B.V.,NLD, 2580321,0069,202501,662.131399481,741.760519054,738.030975851,9.0
NLD,06600,Gerritse Oss,NLD, 2715010,0704,202501,473.599077898,530.554959515,528.764434446,160.0
NLD,06600,Gerritse Oss,NLD, 2593461,0523,202501,443.300355393,496.612457846,494.148333803,22.0
NLD,23400,Autobedrijf Poll B.V.,NLD, 2711694,0006,202501,36.869657093,41.303668735,41.103525908,3.0
NLD,06600,Gerritse Oss,NLD, 2581162,0028,202501,1153.960234367,1292.737579101,1286.285663047,2.0
NLD,10300,Gerritse Culemborg,NLD, 2689667,0068,202501,93.579867448,104.833951547,104.318529968,2.0
NLD,06600,Gerritse Oss,NLD, 2706400,0093,202501,1944.860243973,2178.752654211,2167.863162806,2.0
NLD,06600,Gerritse Oss,NLD, 2713313,0570,202501,357.070406301,400.012339128,397.995846352,6.0
NLD,06600,Gerritse Oss,NLD, 2608131,0444,202501,529.201805782,592.844572012,589.930664628,20.0
NLD,06600,Gerritse Oss,NLD, 2622495,0444,202501,87.580443761,98.113026318,97.619125473,1.0
NLD,10300,Gerritse Culemborg,NLD, 2675955,0010,202501,187.050235328,209.545234911,208.491794981,1.0
NLD,10300,Gerritse Culemborg,NLD, 2695483,0559,202501,235.549899145,263.877556011,262.556182943,1.0
NLD,23400,Autobedrijf Poll B.V.,NLD, 2727530,0025,202501,269.970223802,302.43733116,300.924423559,1.0
NLD,19800,Hekkert Maastricht B.V.,NLD, 2589874,0205,202501,23.389683988,26.202569685,26.068065097,1.0
NLD,23400,Autobedrijf Poll B.V.,NLD, 2592939,0517,202501,7.710114302,8.637346592,8.592153051,1.0
NLD,10300,Gerritse Culemborg,NLD, 2715824,0201,202501,115.649793488,129.558046806,128.908120639,1.0
NLD,06600,Gerritse Oss,NLD, 2693684,0449,202501,47.4200365,53.122855849,52.853846674,1.0
NLD,10300,Gerritse Culemborg,NLD, 2723360,0016,202501,36.039765633,40.373973026,40.172754163,1.0
NLD,06600,Gerritse Oss,NLD, 2600766,0068,202501,54.890020171,61.491193266,61.188826953,1.0
NLD,06600,Gerritse Oss,NLD, 2670021,0061,202501,48.039573528,53.816899521,53.548966382,1.0
NLD,06600,Gerritse Oss,NLD, 2592062,0457,202501,32.38978004,36.285033565,36.106411473,1.0
NLD,23400,Autobedrijf Poll B.V.,NLD, 2626088,0087,202501,234.320430314,262.500229034,294.091590514,1.0
NLD,06600,Gerritse Oss,NLD, 2619769,0513,202501,28.830083565,32.297241555,32.140140196,1.0
NLD,06600,Gerritse Oss,NLD, 2655518,0457,202501,8.970319854,10.049106743,10.003913201,1.0
NLD,23400,Autobedrijf Poll B.V.,NLD, 2692485,0444,202501,28.31044088,31.7151057,31.558004342,1.0
NLD,23400,Autobedrijf Poll B.V.,NLD, 2607522,0097,202501,19.070214197,21.363632644,21.251724828,1.0
NLD,06600,Gerritse Oss,NLD, 2690279,0423,202501,1373.829603304,1539.048835982,1531.353021502,1.0
NLD,10300,Gerritse Culemborg,NLD, 2722208,0453,202501,112.2601095,125.760713291,125.133383895,1.0
NLD,19800,Hekkert Maastricht B.V.,NLD, 2593461,0523,202501,100.750168091,112.866565514,112.305950393,5.0
NLD,23400,Autobedrijf Poll B.V.,NLD, 2575288,0132,202501,81.199692633,90.964914519,90.517283252,5.0
NLD,19800,Hekkert Maastricht B.V.,NLD, 2725354,0500,202503,27.120257729,30.381788952,34.055484931,8.0
NLD,10300,Gerritse Culemborg,NLD, 2769327,0570,202503,472.170024523,528.954045254,526.300580973,3.0
NLD,10300,Gerritse Culemborg,NLD, 2713313,0570,202503,178.82963889,200.336014549,224.433736448,3.0
NLD,10300,Gerritse Culemborg,NLD, 2614604,0068,202503,92.699908641,103.848167235,103.3332034,2.0
NLD,19800,Hekkert Maastricht B.V.,NLD, 2690899,0022,202503,6.920228879,7.752468114,8.692977378,4.0
NLD,06600,Gerritse Oss,NLD, 2688240,0285,202503,94.139539357,105.460930544,104.923342774,6.0
NLD,06600,Gerritse Oss,NLD, 2633427,0056,202503,290.000480839,324.876462923,323.307870153,20.0
NLD,06600,Gerritse Oss,NLD, 2713492,0161,202503,23.899600904,26.773810114,26.640221169,1.0
NLD,19800,Hekkert Maastricht B.V.,NLD, 2690322,0423,202503,1692.640284656,1896.200265221,1886.722991457,1.0
NLD,10300,Gerritse Culemborg,NLD, 2622083,0482,202503,7.389527336,8.278205252,8.234034714,1.0
NLD,06600,Gerritse Oss,NLD, 2655733,0457,202503,13.679857672,15.325022086,15.246376981,1.0
NLD,06600,Gerritse Oss,NLD, 2757961,0562,202503,269.719671106,302.156646349,300.645152079,1.0
NLD,06600,Gerritse Oss,NLD, 2704600,0518,202503,17.490022599,19.593404335,19.492135297,1.0
NLD,06600,Gerritse Oss,NLD, 2732272,0459,202503,28.020387556,31.390170018,31.232879809,1.0
NLD,06600,Gerritse Oss,NLD, 2731682,0059,202503,31.94018368,35.781367911,35.601453767,1.0
NLD,10300,Gerritse Culemborg,NLD, 2635220,0551,202503,188.600278886,211.281689374,210.273308308,10.0
NLD,19800,Hekkert Maastricht B.V.,NLD, 1863979,0109,202510,23.919615106,26.796231275,26.662679393,2.0
NLD,19800,Hekkert Maastricht B.V.,NLD, 1830909,0109,202510,23.099587006,25.877585112,25.74403323,1.0
NLD,19800,Hekkert Maastricht B.V.,NLD, 1929874,0107,202510,13.190275472,14.776561853,14.697384666,1.0
NLD,19800,Hekkert Maastricht B.V.,NLD, 1835776,0084,202510,21.410141781,23.984964149,23.861905629,1.0
NLD,19800,Hekkert Maastricht B.V.,NLD, 1937362,0054,202510,1.439945502,1.613115952,1.601668648,1.0
NLD,19800,Hekkert Maastricht B.V.,NLD, 2146012,0022,202510,5.839826287,6.542134357,6.497299082,4.0
NLD,19800,Hekkert Maastricht B.V.,NLD, 2449338,0547,202511,50.350194553,56.405399983,56.125455614,1.0
NLD,19800,Hekkert Maastricht B.V.,NLD, 2303047,0082,202511,35.850410722,40.161845933,45.00129945,1.0
NLD,19800,Hekkert Maastricht B.V.,NLD, 4832217,0007,202511,19.390402075,21.722326887,24.33191211,1.0
NLD,19800,Hekkert Maastricht B.V.,NLD, 5253038,0022,202511,8.760051881,9.813551558,11.023414937,6.0
NLD,19800,Hekkert Maastricht B.V.,NLD, 2600474,0517,202510,7.789841189,8.726661577,8.681826302,1.0
NLD,19800,Hekkert Maastricht B.V.,NLD, 2586221,0487,202510,18.669902499,20.915178736,20.814060882,1.0
NLD,02600,Autobedrijf Iriks B.V.,NLD, 0027405,0855,202507,244.0,273.343881069,273.343881069,0.0
NLD,25305,Autobedrijf Splinter,NLD, 0027405,0855,202507,244.0,273.343881069,273.343881069,0.0
NLD,27502,Garage Dunnebier B.V.,NLD, 0027420,0870,202507,64.0,71.69675569,71.69675569,0.0
NLD,01207,Autobedrijf Ozinga Lemmer,NLD, 0027420,0870,202507,64.0,71.69675569,71.69675569,0.0
NLD,17000,Autobedrijf Kleijer,NLD, 0027420,0870,202507,128.0,143.39351138,143.39351138,0.0
NLD,19800,Hekkert Maastricht B.V.,NLD, 1064929,0063,202507,6.689978678,7.494527607,7.461086956,1.0
NLD,06600,Gerritse Oss,NLD, 1387892,0446,202503,96.749531182,108.384804705,107.880614172,9.0
NLD,06600,Gerritse Oss,NLD, 1683384,0002,202503,199.399913449,223.380107513,222.259684106,4.0
NLD,06600,Gerritse Oss,NLD, 1231972,0084,202503,-13.140356782,-14.720639844,-14.641994739,-1.0
NLD,06600,Gerritse Oss,NLD, 1685797,0055,202503,-13.840457758,-15.504936229,-15.426291124,-1.0
NLD,06600,Gerritse Oss,NLD, 1692349,0445,202503,11.980574121,13.421379623,13.354585151,2.0
NLD,19800,Hekkert Maastricht B.V.,NLD, 1454337,0021,202503,7.339520123,8.222184081,9.209018544,2.0
NLD,06600,Gerritse Oss,NLD, 1679853,0322,202503,112.420060586,125.939900303,125.312894127,2.0
NLD,10300,Gerritse Culemborg,NLD, 1554675,0022,202503,10.999663413,12.32250282,12.278332282,4.0
NLD,06600,Gerritse Oss,NLD, 1697695,0487,202503,90.078376689,100.911365112,100.377009333,16.0
NLD,10300,Gerritse Culemborg,NLD, 1444197,0022,202503,7.200076934,8.065971202,8.009950032,5.0
NLD,19800,Hekkert Maastricht B.V.,NLD, 1696755,0358,202503,65.169976439,73.007435619,72.63791136,1.0
NLD,06600,Gerritse Oss,NLD, 1561562,0201,202503,11.799778814,13.218841546,13.152047074,1.0
NLD,10300,Gerritse Culemborg,NLD, 1225187,0512,202503,31.660335625,35.467864823,35.287950679,1.0
NLD,06600,Gerritse Oss,NLD, 1315687,0285,202503,18.440159638,20.657806572,20.556537534,1.0
NLD,06600,Gerritse Oss,NLD, 1353269,0285,202503,18.440159638,20.657806572,20.556537534,1.0
NLD,06600,Gerritse Oss,NLD, 1576955,0138,202503,45.810453431,51.319701376,57.491726088,1.0
NLD,06600,Gerritse Oss,NLD, 1682876,0057,202503,129.489830264,145.062511341,144.334236127,1.0
NLD,06600,Gerritse Oss,NLD, 1406293,0201,202503,1.120353897,1.255089682,1.24323905,1.0
NLD,06600,Gerritse Oss,NLD, 1702708,0161,202503,42.219550897,47.296950412,47.062092428,1.0
NLD,06600,Gerritse Oss,NLD, 1310863,0022,202503,16.000384671,17.924619857,17.924619857,25.0
NLD,06600,Gerritse Oss,NLD, 1543933,0063,202503,80.250036063,89.901050475,93.956121345,5.0
NLD,06600,Gerritse Oss,NLD, 1361196,0445,202503,10.049526374,11.258100583,11.203156743,5.0
NLD,19800,Hekkert Maastricht B.V.,NLD, 2715824,0201,202511,116.810203199,130.858009429,130.208034788,1.0
NLD,19800,Hekkert Maastricht B.V.,NLD, 2454132,0022,202506,9.360088203,10.485749334,10.395831959,8.0
NLD,19800,Hekkert Maastricht B.V.,NLD, 2427387,0022,202506,3.799779493,4.256747845,4.235009578,2.0
NLD,06600,Gerritse Oss,NLD, 2515174,0454,202503,-11.71995961,-13.129423139,-13.062628667,-1.0
NLD,06600,Gerritse Oss,NLD, 2495322,0385,202503,743.999615329,833.474354061,829.173651905,32.0
NLD,06600,Gerritse Oss,NLD, 2458760,0068,202503,87.820358706,98.381793804,97.888376573,2.0
NLD,06600,Gerritse Oss,NLD, 2540139,0202,202503,138.479588402,155.133394045,154.34909766,2.0
NLD,06600,Gerritse Oss,NLD, 2462260,0481,202503,47.479924989,53.189946602,52.920614052,2.0
NLD,06600,Gerritse Oss,NLD, 2596976,0570,202503,74.820406789,83.818444169,83.403672042,1.0
NLD,06600,Gerritse Oss,NLD, 2451282,0457,202503,29.0503438,32.543990662,32.375927151,1.0
NLD,06600,Gerritse Oss,NLD, 2587200,0465,202503,32.220031735,36.094870999,35.916034186,1.0
NLD,06600,Gerritse Oss,NLD, 2573402,0517,202503,7.709765832,8.636956208,8.59278567,1.0
NLD,06600,Gerritse Oss,NLD, 2523418,0093,202503,1109.639851902,1243.087146483,1236.869873903,1.0
NLD,10300,Gerritse Culemborg,NLD, 2495322,0385,202503,255.750348608,286.507347874,285.02817351,11.0
NLD,10300,Gerritse Culemborg,NLD, 2531196,0513,202503,28.830119729,32.297282046,32.139991837,1.0
NLD,10300,Gerritse Culemborg,NLD, 2490738,0500,202503,8.550271674,9.578542802,9.533294934,1.0
NLD,19800,Hekkert Maastricht B.V.,NLD, 2490009,0022,202503,6.440351974,7.214880345,7.169632477,4.0
NLD,19800,Hekkert Maastricht B.V.,NLD, 2523420,0093,202503,1109.639851902,1243.087146483,1236.869873903,1.0
NLD,19800,Hekkert Maastricht B.V.,NLD, 2592632,0455,202503,22.769630235,25.50794713,25.385131487,1.0
NLD,19800,Hekkert Maastricht B.V.,NLD, 2381786,0025,202506,164.490407938,184.272321811,206.453258586,1.0
NLD,19800,Hekkert Maastricht B.V.,NLD, 2404405,0489,202506,17.719955899,19.850989834,19.750203325,1.0
NLD,19800,Hekkert Maastricht B.V.,NLD, 2217580,0102,202506,80.899669239,90.628809736,90.181199064,10.0
NLD,10300,Gerritse Culemborg,NLD, 2335507,0472,202501,34.840073,39.030003187,38.850305058,4.0
NLD,06600,Gerritse Oss,NLD, 2320832,0132,202501,107.03966958,119.912453826,119.28512443,8.0
NLD,06600,Gerritse Oss,NLD, 2292544,0465,202501,144.960138315,162.393306711,168.374994727,3.0
NLD,23400,Autobedrijf Poll B.V.,NLD, 2266330,0062,202501,5.159927,5.780469153,5.747112015,3.0
NLD,23400,Autobedrijf Poll B.V.,NLD, 2419000,0022,202501,64.400153684,72.145032634,71.809309183,10.0
NLD,19800,Hekkert Maastricht B.V.,NLD, 2361304,0109,202501,30.020170973,33.630451026,35.568393123,2.0
NLD,06600,Gerritse Oss,NLD, 2302420,0553,202501,342.729805014,383.947111195,382.031765869,2.0
NLD,23400,Autobedrijf Poll B.V.,NLD, 2351529,0444,202501,89.580251657,100.353334728,112.428618577,2.0
NLD,10300,Gerritse Culemborg,NLD, 2361345,0022,202501,2.450292959,2.744969622,2.744969622,5.0
NLD,10300,Gerritse Culemborg,NLD, 2303867,0155,202501,305.499951974,342.239928698,340.525802235,1.0
NLD,23400,Autobedrijf Poll B.V.,NLD, 2357967,0455,202501,66.690039381,74.710304127,74.340147502,1.0
NLD,06600,Gerritse Oss,NLD, 2281327,0464,202501,65.479781001,73.354497885,72.985417297,1.0
NLD,06600,Gerritse Oss,NLD, 2319645,0444,202501,31.890308328,35.725494481,35.545796352,1.0
NLD,10300,Gerritse Culemborg,NLD, 2361368,0464,202501,88.179809817,98.784473219,98.29164841,1.0
NLD,23400,Autobedrijf Poll B.V.,NLD, 2339695,0111,202501,99.229660936,111.163199417,110.603660333,1.0
NLD,06600,Gerritse Oss,NLD, 2309331,0457,202501,23.640380367,26.483415264,26.348910676,1.0
NLD,19800,Hekkert Maastricht B.V.,NLD, 2348206,0408,202501,302.820094131,339.237786304,337.546256612,1.0
NLD,19800,Hekkert Maastricht B.V.,NLD, 2348218,0408,202501,386.510421669,432.992863987,430.83003022,1.0
NLD,06600,Gerritse Oss,NLD, 2406157,0488,202501,224.490442801,251.488069445,250.233410653,1.0
NLD,10300,Gerritse Culemborg,NLD, 2420298,0455,202501,56.64009221,63.451732134,71.091592704,1.0
NLD,19800,Hekkert Maastricht B.V.,NLD, 2377588,0488,202501,73.230237249,82.037038018,81.622763889,1.0
NLD,06600,Gerritse Oss,NLD, 2399655,0512,202501,31.659782922,35.467245673,35.288623581,1.0
NLD,23400,Autobedrijf Poll B.V.,NLD, 2309382,0457,202501,67.089616752,75.157935394,74.777018402,1.0
NLD,06600,Gerritse Oss,NLD, 2271246,0435,202501,52.040149842,58.298592377,65.322959955,1.0
NLD,23400,Autobedrijf Poll B.V.,NLD, 2334385,0145,202501,277.93007396,311.354447294,309.797422189,1.0
NLD,06600,Gerritse Oss,NLD, 2365497,0223,202501,78.800307367,88.276974842,87.828267538,10.0
NLD,23400,Autobedrijf Poll B.V.,NLD, 2330608,0550,202501,10.0,11.202618085,11.202618085,10.0
NLD,19800,Hekkert Maastricht B.V.,NLD, 2210514,0132,202510,47.730233746,53.470357972,53.201346323,3.0
NLD,19800,Hekkert Maastricht B.V.,NLD, 2339695,0111,202510,100.219696002,112.27229788,111.712333916,1.0
NLD,19800,Hekkert Maastricht B.V.,NLD, 2263901,0074,202510,22.799846724,25.541797522,25.418739002,1.0
NLD,19800,Hekkert Maastricht B.V.,NLD, 1861311,0082,202504,10.199648766,11.426276972,11.381752286,4.0
NLD,06600,Gerritse Oss,NLD, 1836080,0011,202504,-13.260005546,-14.854677793,-14.775982999,-1.0
NLD,19800,Hekkert Maastricht B.V.,NLD, 1893062,0459,202504,40.35030964,45.20291085,44.978216504,1.0
NLD,19800,Hekkert Maastricht B.V.,NLD, 1905515,0188,202504,1314.00036972,1472.024430509,1464.66439637,1.0
NLD,19800,Hekkert Maastricht B.V.,NLD, 1863979,0109,202504,11.840280987,13.264214591,14.854677793,1.0
NLD,06600,Gerritse Oss,NLD, 1864760,0055,202504,39.379794805,44.115680146,43.892021258,1.0
NLD,19800,Hekkert Maastricht B.V.,NLD, 2494265,0489,202511,45.559878945,51.038992359,57.17839516,1.0
NLD,19800,Hekkert Maastricht B.V.,NLD, 2592649,0016,202511,196.330306961,219.941344642,218.84287781,1.0
NLD,19800,Hekkert Maastricht B.V.,NLD, 2494145,0503,202511,47.559878945,53.279515975,53.011195594,1.0
NLD,19800,Hekkert Maastricht B.V.,NLD, 2471504,0577,202511,58.199740597,65.198946626,64.86281965,5.0
NLD,19800,Hekkert Maastricht B.V.,NLD, 2434886,0123,202512,202.000778176,226.293757071,225.172090758,100.0
NLD,19800,Hekkert Maastricht B.V.,NLD, 2468342,0102,202512,187.440231724,209.98213297,208.905991973,24.0
NLD,19800,Hekkert Maastricht B.V.,NLD, 2469641,0880,202509,54.470310825,61.021008869,68.358783744,1.0
NLD,19800,Hekkert Maastricht B.V.,NLD, 2559769,0459,202509,28.96034298,32.443166177,36.352675765,1.0
NLD,19800,Hekkert Maastricht B.V.,NLD, 2033186,0193,202506,287.979713341,322.612674362,321.00009022,2.0
NLD,19800,Hekkert Maastricht B.V.,NLD, 2048386,0464,202506,32.069680265,35.926437998,40.251364952,1.0
NLD,19800,Hekkert Maastricht B.V.,NLD, 2123318,0558,202506,90.499669239,101.383323094,100.935712422,10.0
NLD,19800,Hekkert Maastricht B.V.,NLD, 1873837,0052,202505,533.549918671,597.71559632,594.724225933,1.0
NLD,06600,Gerritse Oss,NLD, 1460220,0577,202502,239.499879547,268.302568082,267.182036396,50.0
NLD,19800,Hekkert Maastricht B.V.,NLD, 1455107,0022,202502,15.899783185,17.811919858,19.940714158,10.0
NLD,19800,Hekkert Maastricht B.V.,NLD, 1694449,0055,202502,4.63984582,5.197842068,5.175172351,2.0
NLD,10300,Gerritse Culemborg,NLD, 1731770,0201,202502,186.659600096,209.107621088,221.161433035,2.0
NLD,10300,Gerritse Culemborg,NLD, 1702708,0161,202502,84.440375813,94.595328078,94.12466159,2.0
NLD,06600,Gerritse Oss,NLD, 1673744,0285,202502,36.879788003,41.315017987,41.114229073,2.0
NLD,06600,Gerritse Oss,NLD, 1742411,0454,202502,215.79956637,241.752012391,240.542960861,2.0
NLD,19800,Hekkert Maastricht B.V.,NLD, 1523225,0041,202502,98.659600096,110.524581982,109.986985856,2.0
NLD,06600,Gerritse Oss,NLD, 1708796,0020,202502,12.020236088,13.465811412,13.397802264,2.0
NLD,06600,Gerritse Oss,NLD, 1721678,0012,202502,85.439653096,95.714780253,107.242870687,1.0
NLD,19800,Hekkert Maastricht B.V.,NLD, 1731843,0019,202502,246.800289087,276.480938072,309.763319959,1.0
NLD,10300,Gerritse Culemborg,NLD, 1682272,0055,202502,20.450012045,22.909367468,22.797098397,1.0
NLD,06600,Gerritse Oss,NLD, 1743896,0026,202502,44.710190316,50.08711864,49.839910782,1.0
NLD,06600,Gerritse Oss,NLD, 1747197,0020,202502,220.520356541,247.040533323,245.807732567,1.0
NLD,19800,Hekkert Maastricht B.V.,NLD, 1633776,0108,202502,5.130330041,5.747312807,6.441437927,1.0
NLD,19800,Hekkert Maastricht B.V.,NLD, 2261879,0444,202508,144.00017468,161.317896049,160.757251465,50.0
NLD,19800,Hekkert Maastricht B.V.,NLD, 2279492,0002,202508,113.799729246,127.485490442,126.858312121,2.0
NLD,19800,Hekkert Maastricht B.V.,NLD, 2398552,0030,202508,27.989868553,31.355980753,35.131770366,1.0
NLD,19800,Hekkert Maastricht B.V.,NLD, 2189044,0038,202508,15.300231451,17.140264949,19.200853943,1.0
NLD,19800,Hekkert Maastricht B.V.,NLD, 2367746,0512,202508,31.980435827,35.826460862,35.646428396,1.0
NLD,19800,Hekkert Maastricht B.V.,NLD, 2037363,0470,202502,20.559865093,23.032431641,22.942832287,4.0
NLD,10300,Gerritse Culemborg,NLD, 2038467,0022,202502,3.869910865,4.335313342,4.301848523,3.0
NLD,06600,Gerritse Oss,NLD, 2011992,0880,202502,56.0,62.734661249,62.420523753,2.0
NLD,10300,Gerritse Culemborg,NLD, 2039733,0068,202502,119.899783185,134.319147892,133.647692488,2.0
NLD,19800,Hekkert Maastricht B.V.,NLD, 2120452,0107,202502,22.679836184,25.407354289,25.273495013,2.0
NLD,06600,Gerritse Oss,NLD, 2053958,0501,202502,49.839556733,55.833351937,55.564553874,2.0
NLD,06600,Gerritse Oss,NLD, 2120669,0558,202502,534.400385449,598.668342009,595.755823235,20.0
NLD,06600,Gerritse Oss,NLD, 2120710,0558,202502,534.400385449,598.668342009,595.755823235,20.0
NLD,10300,Gerritse Culemborg,NLD, 2045311,0055,202502,16.390267405,18.361390598,18.271791243,1.0
NLD,06600,Gerritse Oss,NLD, 2011901,0444,202502,32.840279451,36.789710833,36.610512124,1.0
NLD,06600,Gerritse Oss,NLD, 2075907,0188,202502,1309.640086726,1467.139771409,1459.802339938,1.0
NLD,06600,Gerritse Oss,NLD, 2093782,0457,202502,10.960250542,12.278350089,12.222215553,1.0
NLD,06600,Gerritse Oss,NLD, 2127515,0055,202502,11.559624187,12.949805492,12.882875853,1.0
NLD,10300,Gerritse Culemborg,NLD, 2011524,0487,202502,73.199710913,82.002840494,81.667112792,15.0
NLD,06600,Gerritse Oss,NLD, 2120653,0558,202502,212.600337268,238.168038213,236.935237457,10.0
NLD,06600,Gerritse Oss,NLD, 2040067,0143,202502,78.400385449,87.828957553,87.380960781,10.0
NLD,06600,Gerritse Oss,NLD, 5272442,0022,202502,4.619609733,5.175172351,5.153582145,2.0
NLD,06600,Gerritse Oss,NLD, 3818838,0177,202502,12.840279451,14.384474673,14.316465524,3.0
NLD,10300,Gerritse Culemborg,NLD, 2719718,0016,202502,102.359913274,114.669901513,118.892945785,3.0
NLD,06600,Gerritse Oss,NLD, 2714346,0143,202502,316.20043363,354.227269475,362.954030695,17.0
NLD,06600,Gerritse Oss,NLD, 5087244,0489,202502,4.900024091,5.489309847,5.466640131,2.0
NLD,06600,Gerritse Oss,NLD, 2769260,0457,202502,61.960009636,69.41143242,69.063830105,1.0
NLD,06600,Gerritse Oss,NLD, 2728603,0514,202502,35.070103589,39.287697655,39.08582923,1.0
NLD,06600,Gerritse Oss,NLD, 2755678,0514,202502,35.070103589,39.287697655,39.08582923,1.0
NLD,06600,Gerritse Oss,NLD, 5324623,0025,202502,5.059985546,5.668508556,5.635043737,1.0
NLD,06600,Gerritse Oss,NLD, 2718361,0452,202502,18.240423994,20.434050363,20.332576395,1.0
NLD,10300,Gerritse Culemborg,NLD, 2803135,0570,202502,165.519633824,185.42532425,184.5077405,2.0
NLD,10300,Gerritse Culemborg,NLD, 5202665,0025,202502,204.920260178,229.564341167,228.421139765,1.0
NLD,10300,Gerritse Culemborg,NLD, 5950534,0202,202502,84.500120453,94.662257716,94.191591228,1.0
NLD,10300,Gerritse Culemborg,NLD, 4550597,0011,202502,81.690195134,91.514405698,91.054534312,1.0
NLD,19800,Hekkert Maastricht B.V.,NLD, 2780148,0500,202502,12.440375813,13.936477901,13.868468752,1.0
NLD,06600,Gerritse Oss,NLD, 2552550,0468,202501,461.389876093,516.87745702,514.289588756,1.0
NLD,06600,Gerritse Oss,NLD, 2517355,0437,202501,162.790317933,182.367775975,181.459601001,1.0
NLD,06600,Gerritse Oss,NLD, 2572714,0099,202501,414.869849198,464.762847559,462.44398847,1.0
NLD,06600,Gerritse Oss,NLD, 2468342,0102,202501,187.440207473,209.982105811,208.906069111,24.0
NLD,10300,Gerritse Culemborg,NLD, 2431238,0450,202501,552.890212275,619.381789111,616.289259635,1.0
NLD,10300,Gerritse Culemborg,NLD, 2516966,0358,202501,59.829987513,67.025250015,66.689526564,1.0
NLD,10300,Gerritse Culemborg,NLD, 2556278,0508,202501,216.000384209,241.976981053,240.766439765,1.0
NLD,10300,Gerritse Culemborg,NLD, 2455074,0570,202501,55.089808856,61.715008899,61.40188222,1.0
NLD,10300,Gerritse Culemborg,NLD, 2473857,0489,202501,30.770339064,34.470835689,34.301897927,1.0
NLD,10300,Gerritse Culemborg,NLD, 2536409,0136,202501,108.920372683,122.019333685,121.413525023,1.0
NLD,10300,Gerritse Culemborg,NLD, 2511616,0016,202501,43.319565844,48.529255176,48.282842772,1.0
NLD,10300,Gerritse Culemborg,NLD, 2477875,0464,202501,168.349822303,188.595876396,187.65542032,1.0
NLD,19800,Hekkert Maastricht B.V.,NLD, 2559684,0202,202501,100.0,112.026180851,111.46556573,1.0
NLD,19800,Hekkert Maastricht B.V.,NLD, 2521294,0184,202501,78.490058592,87.929414988,87.492544088,1.0
NLD,19800,Hekkert Maastricht B.V.,NLD, 2550612,0202,202501,102.609739698,114.949772565,128.785452456,1.0
NLD,23400,Autobedrijf Poll B.V.,NLD, 2495322,0385,202501,1272.310056671,1425.320365071,1418.240043584,55.0
NLD,23400,Autobedrijf Poll B.V.,NLD, 2556215,0489,202501,4.699836711,5.265047574,5.242450803,2.0
NLD,23400,Autobedrijf Poll B.V.,NLD, 2545296,0460,202501,11.720295841,13.129799815,13.062009503,1.0
NLD,23400,Autobedrijf Poll B.V.,NLD, 2478663,0512,202501,23.790221881,26.651276989,26.516772401,1.0
NLD,23400,Autobedrijf Poll B.V.,NLD, 2550481,0507,202501,190.709826145,213.644934738,212.580734442,1.0
NLD,23400,Autobedrijf Poll B.V.,NLD, 2482479,0059,202501,58.429545673,65.456388506,65.132501459,1.0
NLD,23400,Autobedrijf Poll B.V.,NLD, 2488549,0113,202501,27.580443761,30.897317808,30.740216449,1.0
NLD,23400,Autobedrijf Poll B.V.,NLD, 2512346,0430,202501,320.999903948,359.603932928,357.800495418,1.0
NLD,06600,Gerritse Oss,NLD, 1388006,0022,202501,9.040437998,10.127657422,10.127657422,8.0
NLD,10300,Gerritse Culemborg,NLD, 1145962,0026,202501,134.999519739,151.23480613,150.675267046,50.0
NLD,23400,Autobedrijf Poll B.V.,NLD, 1487793,0022,202501,13.400249736,15.011788004,14.899880187,10.0
NLD,23400,Autobedrijf Poll B.V.,NLD, 1729860,0132,202501,41.829795409,46.860322254,46.624670217,2.0
NLD,10300,Gerritse Culemborg,NLD, 1692349,0445,202501,11.979636922,13.420329724,13.353615449,2.0
NLD,10300,Gerritse Culemborg,NLD, 1488311,0322,202501,115.679569686,129.591403944,145.207924573,2.0
NLD,06600,Gerritse Oss,NLD, 1438231,0022,202501,4.799731054,5.376955391,5.376955391,4.0
NLD,06600,Gerritse Oss,NLD, 1724070,0022,202501,10.600326578,11.875141023,11.819187114,5.0
NLD,10300,Gerritse Culemborg,NLD, 1439868,0015,202501,26.769762751,29.989142833,29.843877878,1.0
NLD,23400,Autobedrijf Poll B.V.,NLD, 1701721,0553,202501,84.300259341,94.438360987,93.967056913,1.0
NLD,06600,Gerritse Oss,NLD, 1573256,0464,202501,59.88953991,67.09196429,66.75624084,1.0
NLD,06600,Gerritse Oss,NLD, 1334628,0026,202501,1.910479301,2.140236997,2.128400593,1.0
NLD,06600,Gerritse Oss,NLD, 1377973,0470,202501,34.549995197,38.705040104,38.514581608,1.0
NLD,10300,Gerritse Culemborg,NLD, 1459609,0612,202501,30.929785803,34.649457781,34.481596056,1.0
NLD,10300,Gerritse Culemborg,NLD, 1387850,0446,202501,24.899625396,27.894099378,31.255638029,1.0
NLD,06600,Gerritse Oss,NLD, 1731716,0074,202501,217.950244933,244.161335554,242.940033899,1.0
NLD,23400,Autobedrijf Poll B.V.,NLD, 1475334,0458,202501,30.260301604,33.899460201,33.731598476,1.0
NLD,19800,Hekkert Maastricht B.V.,NLD, 1120199,0109,202501,11.439823264,12.815597099,14.361861837,1.0
NLD,23400,Autobedrijf Poll B.V.,NLD, 1483675,0358,202501,65.150321775,72.985417297,72.615260672,1.0
NLD,06600,Gerritse Oss,NLD, 1385686,0445,202501,10.200749208,11.427509755,11.315601939,10.0
NLD,19800,Hekkert Maastricht B.V.,NLD, 2018759,0026,202512,10.160390818,11.382297792,11.336772475,4.0
NLD,19800,Hekkert Maastricht B.V.,NLD, 1941607,0184,202512,116.469672734,130.476526208,129.827548289,1.0
NLD,19800,Hekkert Maastricht B.V.,NLD, 2086866,0449,202512,9.269811076,10.38461532,10.328435142,1.0
NLD,19800,Hekkert Maastricht B.V.,NLD, 2011524,0487,202512,4.930180278,5.523092674,5.500814327,1.0
NLD,19800,Hekkert Maastricht B.V.,NLD, 1870533,0201,202512,33.350049717,37.360787008,37.192246474,5.0
NLD,19800,Hekkert Maastricht B.V.,NLD, 1760100,0108,202504,18.520195952,20.74746821,20.65738338,4.0
NLD,19800,Hekkert Maastricht B.V.,NLD, 1751385,0103,202504,227.320454756,254.658423746,253.380668804,2.0
NLD,19800,Hekkert Maastricht B.V.,NLD, 1760104,0108,202504,29.040576763,32.533049044,33.764208384,6.0
NLD,19800,Hekkert Maastricht B.V.,NLD, 1766581,0553,202504,10.429799427,11.684105968,11.628191246,1.0
NLD,10300,Gerritse Culemborg,NLD, 1707050,0482,202504,34.679730104,38.850377164,43.522362819,1.0
NLD,19800,Hekkert Maastricht B.V.,NLD, 1675963,0149,202504,31.139661706,34.884573738,34.705439536,1.0
NLD,19800,Hekkert Maastricht B.V.,NLD, 1801870,0060,202504,43.749884463,49.011324688,54.904115105,1.0
NLD,19800,Hekkert Maastricht B.V.,NLD, 1727474,0526,202504,71.510305943,80.11026466,89.755554193,1.0
NLD,19800,Hekkert Maastricht B.V.,NLD, 1717053,0482,202504,15.619743045,17.498201591,17.409152219,1.0
NLD,19800,Hekkert Maastricht B.V.,NLD, 1760113,0108,202504,5.05961734,5.668096071,6.351498228,1.0
NLD,06600,Gerritse Oss,NLD, 1758593,0437,202504,70.699694981,79.202168158,78.866679826,10.0
NLD,19800,Hekkert Maastricht B.V.,NLD, 1791421,0487,202504,28.149551715,31.534867711,31.367123546,5.0
NLD,23400,Autobedrijf Poll B.V.,NLD, 0027263,0662,202501,61.899913553,69.344109103,69.344109103,0.0
NLD,27502,Garage Dunnebier B.V.,NLD, 0027405,0855,202501,243.999615791,273.343450862,273.343450862,0.0
NLD,02701,Auto Oostdijk,NLD, 0027405,0855,202501,243.999615791,273.343450862,273.343450862,0.0
NLD,01206,Auto Zutphen B.V.,NLD, 0027405,0855,202501,243.999615791,273.343450862,273.343450862,0.0
NLD,19800,Hekkert Maastricht B.V.,NLD, 0027405,0855,202501,243.999615791,273.343450862,273.343450862,0.0
NLD,01207,Autobedrijf Ozinga Lemmer,NLD, 0027420,0870,202501,63.999615791,71.69632533,71.69632533,0.0
NLD,05104,Automobielbedr J Noort en Zoon VOF,NLD, 0027420,0870,202501,63.999615791,71.69632533,71.69632533,0.0
NLD,09901,Autobedrijf Van de Wouw B.V.,NLD, 0027420,0870,202501,63.999615791,71.69632533,71.69632533,0.0
NLD,19800,Hekkert Maastricht B.V.,NLD, 2612846,0068,202506,38.950385888,43.63462972,43.421199466,1.0
NLD,19800,Hekkert Maastricht B.V.,NLD, 2649803,0102,202506,11.149724366,12.490610378,12.423419372,1.0
NLD,19800,Hekkert Maastricht B.V.,NLD, 2080258,0116,202508,202.00008734,226.292983073,225.172672343,20.0
NLD,19800,Hekkert Maastricht B.V.,NLD, 2053477,0025,202508,73.469583825,82.305168813,92.219674164,1.0
NLD,06600,Gerritse Oss,NLD, 2744504,0054,202501,58.650465853,65.703876947,65.36707746,3.0
NLD,23400,Autobedrijf Poll B.V.,NLD, 5256078,0285,202501,73.760445682,82.631010277,82.227496514,4.0
NLD,06600,Gerritse Oss,NLD, 5194292,0022,202501,56.319277687,63.092335876,66.767001207,8.0
NLD,10300,Gerritse Culemborg,NLD, 4855809,0022,202501,90.299683028,101.159286216,100.823562766,30.0
NLD,06600,Gerritse Oss,NLD, 2750610,0457,202501,21.870137355,24.500279625,24.376535405,1.0
NLD,10300,Gerritse Culemborg,NLD, 5154430,0488,202501,14.400153684,16.131942208,18.069884305,1.0
NLD,19800,Hekkert Maastricht B.V.,NLD, 2814210,0566,202501,406.089712804,454.926796083,452.653130535,1.0
NLD,10300,Gerritse Culemborg,NLD, 5220427,0011,202501,52.439727212,58.746223644,58.455693735,1.0
NLD,23400,Autobedrijf Poll B.V.,NLD, 5303748,0489,202501,8.540005763,9.567042301,9.521848759,2.0
NLD,06600,Gerritse Oss,NLD, 2762683,0542,202501,80.059552397,89.687658956,89.240027689,2.0
NLD,23400,Autobedrijf Poll B.V.,NLD, 5201133,0022,202501,9.650369801,10.810940726,10.754986818,5.0
NLD,06600,Gerritse Oss,NLD, 5194293,0022,202501,26.400922102,29.57594474,31.299755534,4.0
NLD,06600,Gerritse Oss,NLD, 4513448,0022,202501,5.339544712,5.981688016,5.960167282,2.0
NLD,19800,Hekkert Maastricht B.V.,NLD, 5158132,0187,202501,74.599942369,83.571466353,83.123835085,10.0
NLD,23400,Autobedrijf Poll B.V.,NLD, 4559309,0488,202501,12.060320815,13.510716807,13.442926495,2.0
NLD,06600,Gerritse Oss,NLD, 5275555,0488,202501,31.339928921,35.108925452,39.3323695,1.0
NLD,10300,Gerritse Culemborg,NLD, 2765491,0547,202501,47.859955816,53.615680658,53.346671483,1.0
NLD,23400,Autobedrijf Poll B.V.,NLD, 5206562,0500,202501,8.000192105,8.962309675,8.917116134,2.0
NLD,23400,Autobedrijf Poll B.V.,NLD, 5206816,0022,202501,83.999615791,94.1015615,93.653930233,40.0
NLD,06600,Gerritse Oss,NLD, 5234172,0022,202501,11.249639804,12.602541832,12.546587924,5.0
NLD,10300,Gerritse Culemborg,NLD, 2744504,0054,202501,19.550475459,21.901650995,21.788667141,1.0
NLD,06600,Gerritse Oss,NLD, 2335507,0472,202503,148.069433091,165.876530793,165.113781012,17.0
NLD,06600,Gerritse Oss,NLD, 2382101,0059,202503,633.520219262,709.7085061,706.168399065,2.0
NLD,06600,Gerritse Oss,NLD, 2390400,0072,202503,22.080107708,24.735501377,24.623459036,2.0
NLD,06600,Gerritse Oss,NLD, 2408348,0483,202503,25.629658124,28.711927143,28.566487566,1.0
NLD,06600,Gerritse Oss,NLD, 2351603,0055,202503,20.75972496,23.256327013,23.144284672,1.0
NLD,06600,Gerritse Oss,NLD, 2318009,0457,202503,41.55022359,46.547128593,46.311193279,1.0
NLD,06600,Gerritse Oss,NLD, 2424828,0025,202503,129.300379862,144.850277292,162.281479918,1.0
NLD,06600,Gerritse Oss,NLD, 2410627,0358,202503,64.369861038,72.111096893,71.752345937,1.0
NLD,06600,Gerritse Oss,NLD, 2332703,0050,202503,94.370341876,105.719489792,105.192675324,1.0
NLD,06600,Gerritse Oss,NLD, 2435777,0016,202503,19.699956725,22.069109134,21.957066793,1.0
NLD,10300,Gerritse Culemborg,NLD, 2368605,0132,202503,31.840169255,35.66932557,35.489411427,2.0
NLD,19800,Hekkert Maastricht B.V.,NLD, 2414781,0512,202503,45.849882195,51.363871914,51.106389996,1.0
NLD,19800,Hekkert Maastricht B.V.,NLD, 2269392,0006,202509,43.540407288,48.776655375,54.646683162,1.0
NLD,19800,Hekkert Maastricht B.V.,NLD, 2414774,0512,202509,31.980278671,35.826284793,35.646658677,1.0
NLD,19800,Hekkert Maastricht B.V.,NLD, 2494035,0069,202507,169.860127932,190.287813966,189.346698503,2.0
NLD,19800,Hekkert Maastricht B.V.,NLD, 2474464,0488,202507,43.400426439,48.619840176,48.373334806,1.0
NLD,19800,Hekkert Maastricht B.V.,NLD, 2434886,0123,202510,121.199812662,135.77552131,135.10394613,60.0
NLD,19800,Hekkert Maastricht B.V.,NLD, 2500825,0459,202510,38.18963682,42.782391606,47.925093023,1.0
NLD,19800,Hekkert Maastricht B.V.,NLD, 2407543,0558,202510,252.699791374,283.089925266,281.634209747,10.0
NLD,19800,Hekkert Maastricht B.V.,NLD, 1848220,0132,202509,93.780064309,105.058224365,117.694489385,6.0
NLD,19800,Hekkert Maastricht B.V.,NLD, 1858301,0612,202509,14.530332262,16.277776285,16.199009753,1.0
NLD,19800,Hekkert Maastricht B.V.,NLD, 1857217,0082,202509,6.08960343,6.821950146,6.788330285,1.0
NLD,19800,Hekkert Maastricht B.V.,NLD, 2007929,0102,202509,103.800214362,116.283415777,115.723404944,10.0
NLD,10300,Gerritse Culemborg,NLD, 0027263,0662,202503,1305.319998077,1462.300140785,1462.300140785,0.0
NLD,01207,Autobedrijf Ozinga Lemmer,NLD, 0027420,0870,202503,63.999615329,71.696324766,71.696324766,0.0
NLD,12200,Autobedrijf Poll Naarden B.V.,NLD, 0027420,0870,202503,63.999615329,71.696324766,71.696324766,0.0
NLD,08703,Autocentrum Gennep B.V.,NLD, 0027420,0870,202503,63.999615329,71.696324766,71.696324766,0.0
NLD,02803,Garage Wilp V.O.F.,NLD, 0027420,0870,202503,63.999615329,71.696324766,71.696324766,0.0
NLD,05102,Van Dijk Schouten & Wel B.V.,NLD, 0027420,0870,202503,63.999615329,71.696324766,71.696324766,0.0
NLD,02701,Auto Oostdijk,NLD, 0027420,0870,202503,63.999615329,71.696324766,71.696324766,0.0
NLD,12200,Autobedrijf Poll Naarden B.V.,NLD, 0027256,0763,202503,255.838822907,286.606462252,286.606462252,0.0
NLD,06600,Gerritse Oss,NLD, 0027405,0855,202503,243.999615329,273.343450168,273.343450168,0.0
NLD,05102,Van Dijk Schouten & Wel B.V.,NLD, 0027405,0855,202503,243.999615329,273.343450168,273.343450168,0.0
NLD,19800,Hekkert Maastricht B.V.,NLD, 2210514,0132,202509,63.639871383,71.293317354,70.935025689,4.0
NLD,19800,Hekkert Maastricht B.V.,NLD, 2210993,0002,202509,128.400428725,143.842096387,143.12455249,2.0
NLD,19800,Hekkert Maastricht B.V.,NLD, 2216117,0062,202509,14.910182208,16.703307673,16.624541141,1.0
NLD,19800,Hekkert Maastricht B.V.,NLD, 1683383,0002,202510,120.94009452,135.484568995,134.812039872,2.0
NLD,19800,Hekkert Maastricht B.V.,NLD, 1748745,0322,202510,110.540298889,123.834075134,123.229275894,2.0
NLD,19800,Hekkert Maastricht B.V.,NLD, 1685747,0074,202510,50.660365308,56.752872454,56.472413501,1.0
NLD,19800,Hekkert Maastricht B.V.,NLD, 1490305,0063,202510,89.299612552,100.038945446,99.535264061,5.0
NLD,19800,Hekkert Maastricht B.V.,NLD, 1838941,0481,202508,156.440019215,175.253778779,174.379055817,2.0
NLD,19800,Hekkert Maastricht B.V.,NLD, 1806948,0195,202508,186.749639722,209.208489051,234.392487197,1.0
NLD,19800,Hekkert Maastricht B.V.,NLD, 2368605,0132,202512,33.439972332,37.461523879,37.282328484,2.0
NLD,19800,Hekkert Maastricht B.V.,NLD, 2386637,0022,202512,4.120012105,4.615492212,4.615492212,4.0
NLD,19800,Hekkert Maastricht B.V.,NLD, 2211734,0076,202512,29.409882841,32.946768538,36.912314208,1.0
NLD,19800,Hekkert Maastricht B.V.,NLD, 2210970,0219,202505,710.149909878,795.553821688,791.577475869,5.0
NLD,09905,Autobedrijf Van Drimmelen B.V.,NLD, 0027420,0870,202509,64.0,71.69675569,71.69675569,0.0
NLD,25305,Autobedrijf Splinter,NLD, 0027405,0855,202509,244.0,273.343881069,273.343881069,0.0
NLD,02701,Auto Oostdijk,NLD, 0027420,0870,202509,64.0,71.69675569,71.69675569,0.0
NLD,06202,Garagebedrijf Korterink B.V.,NLD, 0027420,0870,202509,64.0,71.69675569,71.69675569,0.0
NLD,18601,Fa. Autom.bedrijf Stoof Vinkeveen,NLD, 0027420,0870,202509,64.0,71.69675569,71.69675569,0.0
NLD,06202,Garagebedrijf Korterink B.V.,NLD, 0027405,0855,202509,244.0,273.343881069,273.343881069,0.0
NLD,02803,Garage Wilp V.O.F.,NLD, 0027420,0870,202509,64.0,71.69675569,71.69675569,0.0
NLD,05101,De Hartog B.V.,NLD, 0027405,0855,202509,244.0,273.343881069,273.343881069,0.0
NLD,01206,Auto Zutphen B.V.,NLD, 0027420,0870,202509,64.0,71.69675569,71.69675569,0.0
NLD,05104,Automobielbedr J Noort en Zoon VOF,NLD, 0027405,0855,202509,244.0,273.343881069,273.343881069,0.0
NLD,02600,Autobedrijf Iriks B.V.,NLD, 0027405,0855,202509,244.0,273.343881069,273.343881069,0.0
NLD,23400,Autobedrijf Poll B.V.,NLD, 1883037,0102,202501,593.699932763,665.09936039,661.515082141,80.0
NLD,06600,Gerritse Oss,NLD, 2013002,0002,202501,338.839688791,379.58916256,377.708250408,4.0
NLD,06600,Gerritse Oss,NLD, 2039733,0068,202501,239.800211315,268.639018409,267.29504857,4.0
NLD,10300,Gerritse Culemborg,NLD, 1924048,0020,202501,144.960138315,162.393306711,161.586279186,3.0
NLD,06600,Gerritse Oss,NLD, 1917250,0068,202501,103.779656133,116.260385266,115.678249411,2.0
NLD,06600,Gerritse Oss,NLD, 1910472,0011,202501,44.560560945,49.919494593,49.672006152,2.0
NLD,23400,Autobedrijf Poll B.V.,NLD, 2011555,0109,202501,35.899529344,40.216871668,40.015652805,2.0
NLD,10300,Gerritse Culemborg,NLD, 2011882,0019,202501,5.640188262,6.318487503,6.295890732,2.0
NLD,23400,Autobedrijf Poll B.V.,NLD, 2009266,0109,202501,13.529920277,15.157052958,15.089262646,2.0
NLD,06600,Gerritse Oss,NLD, 1940613,0445,202501,5.149361253,5.768632749,5.747112015,2.0
NLD,06600,Gerritse Oss,NLD, 2075540,0201,202501,236.120449525,264.51672181,263.194272706,2.0
NLD,06600,Gerritse Oss,NLD, 2080253,0116,202501,31.199692633,34.951824094,34.72800846,20.0
NLD,19800,Hekkert Maastricht B.V.,NLD, 1883037,0102,202501,148.59955816,166.470409768,165.575147233,20.0
NLD,10300,Gerritse Culemborg,NLD, 1923652,0583,202501,136.569974066,152.994126135,152.232292151,1.0
NLD,23400,Autobedrijf Poll B.V.,NLD, 1916756,0068,202501,54.640284315,61.211423724,60.909057411,1.0
NLD,19800,Hekkert Maastricht B.V.,NLD, 1910784,0030,202501,68.449716646,76.681603362,76.30068637,1.0
NLD,23400,Autobedrijf Poll B.V.,NLD, 1881869,0124,202501,56.739986553,63.56363995,71.215336925,1.0
NLD,06600,Gerritse Oss,NLD, 1916936,0022,202501,1.840361156,2.061686317,2.049849914,1.0
NLD,23400,Autobedrijf Poll B.V.,NLD, 1897340,0444,202501,67.540101815,75.662596607,75.281679615,1.0
NLD,23400,Autobedrijf Poll B.V.,NLD, 2040703,0432,202501,25.440399577,28.49990804,31.938921333,1.0
NLD,06600,Gerritse Oss,NLD, 2084662,0455,202501,80.850062434,90.57323716,101.473488933,1.0
NLD,19800,Hekkert Maastricht B.V.,NLD, 2017679,0069,202501,77.469983671,86.786664013,86.349793112,1.0
NLD,10300,Gerritse Culemborg,NLD, 1937362,0054,202501,1.430218039,1.602218646,1.590382243,1.0
NLD,06600,Gerritse Oss,NLD, 2048132,0125,202501,88.809912592,99.490353294,111.46556573,1.0
NLD,06600,Gerritse Oss,NLD, 1940310,0433,202501,252.749975987,283.1461452,281.734385049,1.0
NLD,10300,Gerritse Culemborg,NLD, 1919102,0483,202501,50.430314091,56.495154867,56.214309288,1.0
NLD,06600,Gerritse Oss,NLD, 2053958,0501,202501,24.670060513,27.636926606,27.502422019,1.0
NLD,23400,Autobedrijf Poll B.V.,NLD, 2008403,0026,202501,2.210162328,2.475960447,2.464124043,1.0
NLD,23400,Autobedrijf Poll B.V.,NLD, 2054842,0459,202501,63.520315051,71.159383017,70.801062795,1.0
NLD,23400,Autobedrijf Poll B.V.,NLD, 2080255,0116,202501,21.199692633,23.749206009,23.525390375,20.0
NLD,06600,Gerritse Oss,NLD, 2011555,0109,202501,613.360868312,687.124755605,683.696502678,34.0
NLD,23400,Autobedrijf Poll B.V.,NLD, 2037502,0002,202501,-279.60042263,-313.225675115,-311.656813607,-4.0
NLD,06600,Gerritse Oss,NLD, 1910470,0116,202501,23.899721448,26.773945173,30.02249997,10.0
NLD,19800,Hekkert Maastricht B.V.,NLD, 2507784,0478,202504,45.209353914,50.646312576,50.400909074,3.0
NLD,06600,Gerritse Oss,NLD, 2544365,0705,202504,98.039560033,109.829974824,109.281182183,1.0
NLD,19800,Hekkert Maastricht B.V.,NLD, 2575289,0055,202504,17.920325354,20.075456089,22.495320999,1.0
NLD,06600,Gerritse Oss,NLD, 2544349,0443,202504,87.439689435,97.955344619,97.462466699,1.0
NLD,19800,Hekkert Maastricht B.V.,NLD, 2475003,0161,202504,5.129864128,5.746790865,5.713656215,1.0
NLD,10300,Gerritse Culemborg,NLD, 2434251,0482,202504,32.990109992,36.957560281,36.778426079,1.0
NLD,19800,Hekkert Maastricht B.V.,NLD, 2504915,0385,202504,348.750346612,390.691694,388.674622179,15.0
NLD,25302,Albers Autobedrijf B.V.,NLD, 0027405,0855,202512,243.999827072,273.34368754,273.34368754,0.0
NLD,19800,Hekkert Maastricht B.V.,NLD, 0027405,0855,202512,243.999827072,273.34368754,273.34368754,0.0
NLD,05101,De Hartog B.V.,NLD, 0027405,0855,202512,243.999827072,273.34368754,273.34368754,0.0
NLD,19800,Hekkert Maastricht B.V.,NLD, 1675713,0022,202512,35.249664952,39.488853407,44.250607806,25.0
NLD,17000,Autobedrijf Kleijer,NLD, 0027420,0870,202512,127.999654144,143.393124034,143.393124034,0.0
NLD,25305,Autobedrijf Splinter,NLD, 0027420,0870,202512,63.999827072,71.696562017,71.696562017,0.0
NLD,04501,Autobedrijf Hans Versteden B.V.,NLD, 0027405,0855,202512,243.999827072,273.34368754,273.34368754,0.0
NLD,18300,Europa Garage Coevorden B.V.,NLD, 0027420,0870,202512,63.999827072,71.696562017,71.696562017,0.0
NLD,08703,Autocentrum Gennep B.V.,NLD, 0027405,0855,202512,243.999827072,273.34368754,273.34368754,0.0
NLD,19800,Hekkert Maastricht B.V.,NLD, 1541139,0448,202512,27.000129696,30.247214122,33.888270832,5.0
NLD,19800,Hekkert Maastricht B.V.,NLD, 2690895,0022,202510,9.680248648,10.844412856,12.187563217,8.0
NLD,19800,Hekkert Maastricht B.V.,NLD, 2725354,0500,202510,13.839996594,15.504419612,17.386547213,8.0
NLD,19800,Hekkert Maastricht B.V.,NLD, 2744504,0054,202510,19.749648742,22.124777215,22.013165999,1.0
NLD,06600,Gerritse Oss,NLD, 1782750,0489,202502,-17.820284269,-19.963383874,-19.861909907,-1.0
NLD,06600,Gerritse Oss,NLD, 1761929,0109,202502,157.439653096,176.373630431,175.567236241,12.0
NLD,19800,Hekkert Maastricht B.V.,NLD, 1764267,0022,202502,10.899542279,12.21034094,12.21034094,10.0
NLD,19800,Hekkert Maastricht B.V.,NLD, 1870794,0020,202502,326.359913274,365.608546509,386.691382559,2.0
NLD,06600,Gerritse Oss,NLD, 1797211,0069,202502,157.020476993,175.904043453,175.029640114,2.0
NLD,10300,Gerritse Culemborg,NLD, 1797211,0069,202502,157.020476993,175.904043453,175.029640114,2.0
NLD,19800,Hekkert Maastricht B.V.,NLD, 1764266,0022,202502,7.200192725,8.06610092,8.020761487,4.0
NLD,06600,Gerritse Oss,NLD, 1883037,0102,202502,222.900505902,249.70692375,248.362933434,30.0
NLD,19800,Hekkert Maastricht B.V.,NLD, 1873837,0052,202502,533.550469766,597.716213929,594.724890904,1.0
NLD,06600,Gerritse Oss,NLD, 1885303,0452,202502,19.41989882,21.755370963,21.643101893,1.0
NLD,19800,Hekkert Maastricht B.V.,NLD, 1886204,0202,202502,115.259937364,129.121305824,144.659777002,1.0
NLD,10300,Gerritse Culemborg,NLD, 1763223,0455,202502,25.160202361,28.186013787,28.040279897,1.0
NLD,06600,Gerritse Oss,NLD, 1758223,0617,202502,272.08961696,304.811606238,303.288417213,1.0
NLD,19800,Hekkert Maastricht B.V.,NLD, 1752534,0125,202502,230.110334859,257.783819773,256.494884481,1.0
NLD,10300,Gerritse Culemborg,NLD, 1757470,0007,202502,17.290291496,19.369653212,19.268179245,1.0
NLD,06600,Gerritse Oss,NLD, 1831404,0455,202502,126.270296314,141.455790448,140.749790715,1.0
NLD,19800,Hekkert Maastricht B.V.,NLD, 1751660,0568,202502,45.989881956,51.520708311,51.26270535,1.0
NLD,19800,Hekkert Maastricht B.V.,NLD, 1870793,0020,202502,163.179956637,182.804273254,181.885609994,1.0
NLD,10300,Gerritse Culemborg,NLD, 1831334,0087,202502,57.960009636,64.930385188,72.738483147,1.0
NLD,06600,Gerritse Oss,NLD, 1754404,0096,202502,276.660081908,309.931723565,308.385864823,1.0
NLD,10300,Gerritse Culemborg,NLD, 1789403,0060,202502,34.000481812,38.089441228,42.670882917,1.0
NLD,06600,Gerritse Oss,NLD, 1838739,0458,202502,7.239701277,8.110360842,8.06610092,1.0
NLD,10300,Gerritse Culemborg,NLD, 1823811,0358,202502,23.129848229,25.911485597,25.77762632,1.0
NLD,06600,Gerritse Oss,NLD, 1838813,0022,202502,29.039749458,32.532122232,32.398262956,12.0
NLD,19800,Hekkert Maastricht B.V.,NLD, 2433505,0523,202507,-339.959914712,-380.844108587,-378.961877661,-12.0
NLD,19800,Hekkert Maastricht B.V.,NLD, 2365497,0223,202507,15.919829424,17.834376888,17.744564854,2.0
NLD,19800,Hekkert Maastricht B.V.,NLD, 2338045,0459,202507,29.29978678,32.823432103,32.655273401,1.0
NLD,19800,Hekkert Maastricht B.V.,NLD, 2304921,0547,202507,49.84989339,55.844931681,55.56498566,1.0
NLD,19800,Hekkert Maastricht B.V.,NLD, 2404519,0503,202507,60.929637527,68.257145876,76.480679674,1.0
NLD,19800,Hekkert Maastricht B.V.,NLD, 2428265,0457,202507,34.15010661,38.257060162,38.066926175,1.0
NLD,19800,Hekkert Maastricht B.V.,NLD, 1681131,0006,202507,34.179957356,38.290500813,38.110876745,2.0
NLD,19800,Hekkert Maastricht B.V.,NLD, 1714254,0084,202507,10.139872068,11.359311413,11.303895477,1.0
NLD,19800,Hekkert Maastricht B.V.,NLD, 1384545,0138,202507,12.770149254,14.305910487,16.03049263,1.0
NLD,19800,Hekkert Maastricht B.V.,NLD, 1433155,0453,202507,79.559914712,89.127933873,88.67982915,1.0
NLD,19800,Hekkert Maastricht B.V.,NLD, 1573930,0449,202507,32.429850746,36.329923219,36.151254598,1.0
NLD,19800,Hekkert Maastricht B.V.,NLD, 1713793,0487,202507,14.89978678,16.691662072,18.70861105,10.0
NLD,05302,Gebr. Huisman,NLD, 0027405,0855,202508,244.00017468,273.344076856,273.344076856,0.0
NLD,08703,Autocentrum Gennep B.V.,NLD, 0027405,0855,202508,244.00017468,273.344076856,273.344076856,0.0
NLD,02701,Auto Oostdijk,NLD, 0027420,0870,202508,64.00017468,71.696951404,71.696951404,0.0
NLD,05102,Van Dijk Schouten & Wel B.V.,NLD, 0027405,0855,202508,244.00017468,273.344076856,273.344076856,0.0
NLD,01207,Autobedrijf Ozinga Lemmer,NLD, 0027405,0855,202508,244.00017468,273.344076856,273.344076856,0.0
NLD,19800,Hekkert Maastricht B.V.,NLD, 0027420,0870,202508,128.00034936,143.393902807,143.393902807,0.0
NLD,06202,Garagebedrijf Korterink B.V.,NLD, 0027405,0855,202508,244.00017468,273.344076856,273.344076856,0.0
NLD,10300,Gerritse Culemborg,NLD, 2784083,0570,202503,58.079530702,65.064280059,64.740003669,1.0
NLD,06600,Gerritse Oss,NLD, 2775877,0069,202503,104.699716305,117.291093463,116.709335155,1.0
NLD,10300,Gerritse Culemborg,NLD, 4553341,0022,202503,10.439967303,11.695496644,11.695496644,12.0
NLD,19800,Hekkert Maastricht B.V.,NLD, 4914462,0022,202503,4.030388998,4.515090865,4.492466931,1.0
NLD,06600,Gerritse Oss,NLD, 4371804,0526,202503,-35.819589364,-40.127317935,-39.925857188,-1.0
NLD,19800,Hekkert Maastricht B.V.,NLD, 2802638,0060,202503,90.049526374,100.879045206,113.022711213,1.0
NLD,06600,Gerritse Oss,NLD, 2821651,0408,202503,382.680194259,428.702006224,426.562428448,1.0
NLD,06600,Gerritse Oss,NLD, 5194292,0022,202503,28.159830745,31.546382897,31.411716622,4.0
NLD,06600,Gerritse Oss,NLD, 2772677,0459,202503,9.910083185,11.101887704,11.045866534,1.0
NLD,06600,Gerritse Oss,NLD, 2821190,0483,202503,57.499639371,64.414649949,64.090373559,1.0
NLD,06600,Gerritse Oss,NLD, 5223242,0019,202503,-13.550031255,-15.179582509,-15.100937404,-1.0
NLD,19800,Hekkert Maastricht B.V.,NLD, 6820218,0059,202503,43.28028081,48.485245621,54.321143311,1.0
NLD,19800,Hekkert Maastricht B.V.,NLD, 5205608,0132,202503,16.680290427,18.686292308,18.596873901,1.0
NLD,19800,Hekkert Maastricht B.V.,NLD, 5254140,0022,202503,2.050295716,2.296867985,2.285017353,1.0
NLD,06600,Gerritse Oss,NLD, 5245712,0017,202503,31.649757177,35.456014191,35.277177377,1.0
NLD,06600,Gerritse Oss,NLD, 5230401,0455,202503,11.069865846,12.401147925,12.334353452,1.0
NLD,06600,Gerritse Oss,NLD, 2302420,0553,202502,-172.219706095,-192.931159326,-191.968236144,-1.0
NLD,06600,Gerritse Oss,NLD, 2207993,0102,202502,494.400385449,553.857869688,551.169889055,60.0
NLD,06600,Gerritse Oss,NLD, 2253408,0069,202502,201.030113226,225.206358108,224.085826423,3.0
NLD,10300,Gerritse Culemborg,NLD, 2352444,0002,202502,112.900024091,126.477585113,125.850389632,2.0
NLD,06600,Gerritse Oss,NLD, 2305503,0002,202502,118.320404722,132.549830519,131.899965322,2.0
NLD,19800,Hekkert Maastricht B.V.,NLD, 2196429,0002,202502,110.320404722,123.587736055,122.98213078,2.0
NLD,06600,Gerritse Oss,NLD, 2215542,0055,202502,20.740062636,23.234300066,23.122030996,2.0
NLD,10300,Gerritse Culemborg,NLD, 2210514,0132,202502,30.300168634,33.944121697,33.764922988,2.0
NLD,06600,Gerritse Oss,NLD, 2249260,0187,202502,198.199951819,222.035836374,220.915304688,20.0
NLD,06600,Gerritse Oss,NLD, 2207424,0187,202502,293.000240906,328.236979627,326.668451169,20.0
NLD,06600,Gerritse Oss,NLD, 2351603,0055,202502,20.760298723,23.256969783,23.144700712,1.0
NLD,06600,Gerritse Oss,NLD, 2271030,0161,202502,36.6099735,41.012755105,40.81088668,1.0
NLD,06600,Gerritse Oss,NLD, 2334220,0074,202502,19.780293905,22.159107813,22.046838743,1.0
NLD,06600,Gerritse Oss,NLD, 2346862,0455,202502,17.919537461,20.074573435,19.974178977,1.0
NLD,06600,Gerritse Oss,NLD, 2271753,0455,202502,25.969645868,29.092802434,28.947068544,1.0
NLD,10300,Gerritse Culemborg,NLD, 2322268,0054,202502,5.219947001,5.847707265,5.814242446,1.0
NLD,06600,Gerritse Oss,NLD, 2271812,0455,202502,21.850156589,24.477895926,24.354831752,1.0
NLD,06600,Gerritse Oss,NLD, 2239495,0062,202502,12.340158998,13.82420883,13.757279192,1.0
NLD,19800,Hekkert Maastricht B.V.,NLD, 2215510,0019,202502,9.710431221,10.878225237,10.822090701,1.0
NLD,19800,Hekkert Maastricht B.V.,NLD, 2353520,0201,202502,181.790411949,203.65285557,202.632718342,1.0
NLD,10300,Gerritse Culemborg,NLD, 2242204,0054,202502,0.95976873,1.075192253,1.075192253,1.0
NLD,06600,Gerritse Oss,NLD, 2306119,0075,202502,30.060226451,33.675323634,33.506920028,1.0
NLD,06600,Gerritse Oss,NLD, 2198317,0024,202502,1180.909660323,1322.927991179,1316.319229157,1.0
NLD,06600,Gerritse Oss,NLD, 2322268,0054,202502,26.099735004,29.238536324,29.11547215,5.0
NLD,19800,Hekkert Maastricht B.V.,NLD, 2711694,0006,202509,34.000428725,38.089381744,42.681854801,2.0
NLD,19800,Hekkert Maastricht B.V.,NLD, 2761698,0082,202509,39.809646302,44.597226329,44.373414109,1.0
NLD,19800,Hekkert Maastricht B.V.,NLD, 2612846,0068,202509,39.729903537,44.507893554,44.284081335,1.0
NLD,19800,Hekkert Maastricht B.V.,NLD, 2690876,0022,202509,9.479957128,10.620033908,11.964828361,12.0
NLD,06600,Gerritse Oss,NLD, 2007929,0102,202503,890.099533587,997.144512605,992.103684603,90.0
NLD,10300,Gerritse Culemborg,NLD, 2018353,0109,202503,103.039861518,115.431621539,114.804615363,14.0
NLD,06600,Gerritse Oss,NLD, 2037363,0470,202503,20.55969611,23.032242332,22.942823925,4.0
NLD,10300,Gerritse Culemborg,NLD, 1863053,0022,202503,3.239890369,3.629525442,3.606901507,1.0
NLD,06600,Gerritse Oss,NLD, 1892573,0512,202503,-26.259556667,-29.417578423,-29.272138846,-1.0
NLD,06600,Gerritse Oss,NLD, 1853325,0022,202503,7.300091359,8.178013543,8.132765675,2.0
NLD,06600,Gerritse Oss,NLD, 2011555,0109,202503,306.679809588,343.561677901,341.847645553,17.0
NLD,06600,Gerritse Oss,NLD, 1877724,0487,202503,-15.559936529,-17.431202625,-17.341784219,-2.0
NLD,06600,Gerritse Oss,NLD, 1899718,0113,202503,47.100062509,52.764401173,52.495068623,2.0
NLD,10300,Gerritse Culemborg,NLD, 1937362,0054,202503,2.860027889,3.203980013,3.203980013,2.0
NLD,06600,Gerritse Oss,NLD, 1855102,0553,202503,48.45987402,54.287746075,54.019490855,2.0
NLD,06600,Gerritse Oss,NLD, 2040640,0022,202503,5.720055777,6.407960026,6.362712157,4.0
NLD,06600,Gerritse Oss,NLD, 1895282,0454,202503,115.100254844,128.942419569,144.4581291,1.0
NLD,06600,Gerritse Oss,NLD, 1854892,0437,202503,12.759532625,14.294017085,14.227222613,1.0
NLD,06600,Gerritse Oss,NLD, 1900066,0452,202503,54.22993701,60.751727271,60.448997485,1.0
NLD,10300,Gerritse Culemborg,NLD, 1897676,0455,202503,13.600038467,15.235603679,15.156958575,1.0
NLD,06600,Gerritse Oss,NLD, 2035528,0201,202503,5.140164447,5.758329915,5.724932679,1.0
NLD,19800,Hekkert Maastricht B.V.,NLD, 1889448,0107,202503,14.279944223,15.99727613,15.918631025,1.0
NLD,06600,Gerritse Oss,NLD, 1870533,0201,202503,98.999855748,110.905757371,110.401566838,15.0
NLD,19800,Hekkert Maastricht B.V.,NLD, 2007929,0102,202503,98.899841323,110.793715031,110.233503327,10.0
NLD,19800,Hekkert Maastricht B.V.,NLD, 1791421,0487,202511,17.069606572,19.12242832,19.021687094,3.0
NLD,19800,Hekkert Maastricht B.V.,NLD, 1771635,0487,202511,18.720276697,20.971611019,20.903804424,6.0
NLD,19800,Hekkert Maastricht B.V.,NLD, 1803059,0132,202511,132.420233463,148.345330156,147.60526961,6.0
NLD,19800,Hekkert Maastricht B.V.,NLD, 1321128,0063,202506,40.249614112,45.090105481,44.866794196,5.0
NLD,09901,Autobedrijf Van de Wouw B.V.,NLD, 0027405,0855,202506,244.0,273.343881175,273.343881175,0.0
NLD,06202,Garagebedrijf Korterink B.V.,NLD, 0027420,0870,202506,64.0,71.696755718,71.696755718,0.0
NLD,19800,Hekkert Maastricht B.V.,NLD, 1493318,0107,202506,26.489966924,29.675698243,33.249666895,1.0
NLD,19800,Hekkert Maastricht B.V.,NLD, 0027405,0855,202506,244.0,273.343881175,273.343881175,0.0
NLD,19800,Hekkert Maastricht B.V.,NLD, 0027255,0603,202506,937.500330761,1050.245815627,1050.245815627,0.0
NLD,02701,Auto Oostdijk,NLD, 0027420,0870,202506,64.0,71.696755718,71.696755718,0.0
NLD,19800,Hekkert Maastricht B.V.,NLD, 1353270,0285,202506,18.43969129,20.657281905,20.556495396,1.0
NLD,06600,Gerritse Oss,NLD, 2190869,0019,202501,25.000480261,28.007083231,31.367545846,4.0
NLD,19800,Hekkert Maastricht B.V.,NLD, 2207993,0102,202501,329.599462107,369.237689504,367.445012362,40.0
NLD,23400,Autobedrijf Poll B.V.,NLD, 2232153,0715,202501,29.020267025,32.510296821,32.353195463,2.0
NLD,10300,Gerritse Culemborg,NLD, 2234478,0026,202501,42.840265104,47.992312863,53.772782016,2.0
NLD,06600,Gerritse Oss,NLD, 2101627,0103,202501,152.820094131,171.198515028,191.811074056,2.0
NLD,23400,Autobedrijf Poll B.V.,NLD, 2184580,0132,202501,126.120449525,141.287922874,140.547609625,6.0
NLD,23400,Autobedrijf Poll B.V.,NLD, 2120653,0558,202501,425.200268946,476.335622269,473.871498225,20.0
NLD,23400,Autobedrijf Poll B.V.,NLD, 2183798,0055,202501,23.330131592,26.13585541,26.001350822,1.0
NLD,06600,Gerritse Oss,NLD, 2091018,0507,202501,112.629910671,126.174987421,125.547658025,1.0
NLD,06600,Gerritse Oss,NLD, 2164292,0102,202501,8.029968303,8.995666813,8.950473272,1.0
NLD,06600,Gerritse Oss,NLD, 2251962,0026,202501,3.999615791,4.480616819,4.459096085,1.0
NLD,06600,Gerritse Oss,NLD, 2113383,0513,202501,28.830083565,32.297241555,32.140140196,1.0
NLD,23400,Autobedrijf Poll B.V.,NLD, 2100809,0612,202501,27.859955816,31.210444487,31.053343129,1.0
NLD,10300,Gerritse Culemborg,NLD, 2197198,0008,202501,8.429545673,9.44329808,9.399180576,1.0
NLD,06600,Gerritse Oss,NLD, 2189253,0119,202501,107.03966958,119.912453826,134.352866342,1.0
NLD,06600,Gerritse Oss,NLD, 2253408,0069,202501,67.009893382,75.068624348,74.687707356,1.0
NLD,23400,Autobedrijf Poll B.V.,NLD, 2094689,0184,202501,87.499759869,98.022639235,97.529814427,1.0
NLD,06600,Gerritse Oss,NLD, 2182884,0526,202501,69.469791567,77.824354337,77.432676978,1.0
NLD,06600,Gerritse Oss,NLD, 2104865,0553,202501,103.030448564,115.42107664,114.837864748,1.0
NLD,06600,Gerritse Oss,NLD, 2243848,0109,202501,16.279896264,18.237746031,18.148434984,1.0
NLD,19800,Hekkert Maastricht B.V.,NLD, 2116515,0022,202501,11.750072039,13.163156953,13.163156953,25.0
NLD,06600,Gerritse Oss,NLD, 1581009,0634,202505,-431.149602145,-483.000432634,-480.581332973,-1.0
NLD,19800,Hekkert Maastricht B.V.,NLD, 1589089,0102,202505,57.060711303,63.922935585,63.607743447,2.0
NLD,19800,Hekkert Maastricht B.V.,NLD, 1769586,0482,202505,54.180331472,60.69615607,60.427257777,6.0
NLD,19800,Hekkert Maastricht B.V.,NLD, 1513111,0482,202505,17.000043962,19.044499978,18.944032483,1.0
NLD,19800,Hekkert Maastricht B.V.,NLD, 1531833,0455,202505,11.320174089,12.681558687,12.614580357,1.0
NLD,19800,Hekkert Maastricht B.V.,NLD, 2116417,0488,202507,6.969722814,7.807914279,7.774473628,1.0
NLD,02701,Auto Oostdijk,NLD, 0027255,0603,202511,140.380458279,157.262866,157.262866,0.0
NLD,01206,Auto Zutphen B.V.,NLD, 0027420,0870,202511,64.0,71.696755712,71.696755712,0.0
NLD,06202,Garagebedrijf Korterink B.V.,NLD, 0027420,0870,202511,64.0,71.696755712,71.696755712,0.0
NLD,05101,De Hartog B.V.,NLD, 0027420,0870,202511,64.0,71.696755712,71.696755712,0.0
NLD,01205,Van Leussen Ommen B.V.,NLD, 0027420,0870,202511,64.0,71.696755712,71.696755712,0.0
NLD,19800,Hekkert Maastricht B.V.,NLD, 1353269,0285,202511,37.239948119,41.71849161,41.517009158,2.0
NLD,19800,Hekkert Maastricht B.V.,NLD, 2210514,0132,202503,60.600086551,67.887962512,67.574459424,4.0
NLD,06600,Gerritse Oss,NLD, 2207424,0187,202503,878.999855748,984.709967445,980.004189134,60.0
NLD,06600,Gerritse Oss,NLD, 2120452,0107,202503,34.020291388,38.111633132,39.512162391,3.0
NLD,06600,Gerritse Oss,NLD, 2118104,0482,202503,15.58013175,17.45382656,17.364408153,2.0
NLD,06600,Gerritse Oss,NLD, 2221678,0002,202503,130.019714382,145.656120281,144.939695699,2.0
NLD,06600,Gerritse Oss,NLD, 2261879,0444,202503,85.499831706,95.782196033,95.446069011,30.0
NLD,10300,Gerritse Culemborg,NLD, 2219161,0455,202503,68.25984517,76.468897549,85.677916093,1.0
NLD,06600,Gerritse Oss,NLD, 2164115,0020,202503,22.850411117,25.598442867,25.474549894,1.0
NLD,19800,Hekkert Maastricht B.V.,NLD, 2253422,0481,202503,89.789873539,100.588166052,100.083975519,1.0
NLD,06600,Gerritse Oss,NLD, 2233357,0453,202503,81.070346685,90.820013135,90.35999314,1.0
NLD,06600,Gerritse Oss,NLD, 2145646,0059,202503,38.890224552,43.567233261,43.353921882,1.0
NLD,06600,Gerritse Oss,NLD, 2128722,0102,202503,51.299706688,57.469102154,57.188996302,5.0
NLD,19800,Hekkert Maastricht B.V.,NLD, 1803059,0132,202506,84.080264609,94.191909255,93.743310481,4.0
NLD,19800,Hekkert Maastricht B.V.,NLD, 1829606,0002,202506,127.259977949,142.564492996,141.847130197,2.0
NLD,19800,Hekkert Maastricht B.V.,NLD, 1715410,0322,202506,53.219845645,59.620160509,59.328670115,2.0
NLD,19800,Hekkert Maastricht B.V.,NLD, 1675963,0149,202506,31.140022051,34.884977407,34.706130759,1.0
NLD,19800,Hekkert Maastricht B.V.,NLD, 1768432,0008,202506,128.309592062,143.740335599,161.048936342,1.0
NLD,09905,Autobedrijf Van Drimmelen B.V.,NLD, 0027420,0870,202502,64.0,71.696755713,71.696755713,0.0
NLD,27502,Garage Dunnebier B.V.,NLD, 0027420,0870,202502,64.0,71.696755713,71.696755713,0.0
NLD,05101,De Hartog B.V.,NLD, 0027420,0870,202502,64.0,71.696755713,71.696755713,0.0
NLD,06600,Gerritse Oss,NLD, 0027257,0098,202502,9900.978077572,11091.687602329,11091.687602329,0.0
NLD,10300,Gerritse Culemborg,NLD, 0027263,0662,202502,2357.759576006,2641.308005489,2641.308005489,0.0
NLD,02701,Auto Oostdijk,NLD, 0027254,0662,202502,376.0,421.218439815,421.218439815,0.0
NLD,06600,Gerritse Oss,NLD, 1121106,0285,202502,18.439894001,20.657508994,20.557114536,1.0
NLD,10300,Gerritse Culemborg,NLD, 1345445,0505,202502,19.990363768,22.394441057,22.282171987,1.0
NLD,06600,Gerritse Oss,NLD, 1145953,0084,202502,21.320163816,23.884165264,23.76110109,1.0
NLD,06600,Gerritse Oss,NLD, 2600764,0068,202502,3073.84148398,3443.507218405,3426.565383844,56.0
NLD,06600,Gerritse Oss,NLD, 2675955,0010,202502,1496.400867261,1676.360741078,1668.024762584,8.0
NLD,19800,Hekkert Maastricht B.V.,NLD, 2690889,0022,202502,63.239701277,70.845022091,70.845022091,124.0
NLD,06600,Gerritse Oss,NLD, 2524817,0083,202502,30.599855457,34.279849399,37.014248975,12.0
NLD,10300,Gerritse Culemborg,NLD, 2631801,0650,202502,645.590941942,723.23087586,719.656617275,11.0
NLD,10300,Gerritse Culemborg,NLD, 2682617,0195,202502,146.199951819,163.782222357,183.498398374,1.0
NLD,06600,Gerritse Oss,NLD, 2534057,0107,202502,36.009636232,40.340220192,45.202334558,1.0
NLD,06600,Gerritse Oss,NLD, 2595938,0486,202502,62.590219224,70.117432152,69.769829838,1.0
NLD,19800,Hekkert Maastricht B.V.,NLD, 2523423,0093,202502,1109.640086726,1243.087409805,1236.86943051,1.0
NLD,06600,Gerritse Oss,NLD, 2545993,0489,202502,99.239701277,111.17444718,124.550659238,1.0
NLD,06600,Gerritse Oss,NLD, 2653304,0059,202502,44.539629005,49.896045318,55.901361085,1.0
NLD,06600,Gerritse Oss,NLD, 2691825,0020,202502,21.509997591,24.096828792,23.973764618,1.0
NLD,10300,Gerritse Culemborg,NLD, 2682317,0016,202502,94.320404722,105.663547127,118.378019374,1.0
NLD,06600,Gerritse Oss,NLD, 2621236,0540,202502,157.020476993,175.904043453,175.018845011,1.0
NLD,06600,Gerritse Oss,NLD, 2605602,0455,202502,127.860274633,143.236982434,142.520187598,1.0
NLD,10300,Gerritse Culemborg,NLD, 2618913,0519,202502,211.670440858,237.126310779,235.938849455,1.0
NLD,06600,Gerritse Oss,NLD, 2545519,0457,202502,27.659841002,30.986263491,30.829734498,1.0
NLD,19800,Hekkert Maastricht B.V.,NLD, 2575288,0132,202502,162.399421826,181.929869916,181.033876372,10.0
NLD,19800,Hekkert Maastricht B.V.,NLD, 2593461,0523,202502,100.749698868,112.866039811,112.305773968,5.0
NLD,06600,Gerritse Oss,NLD, 2702333,0109,202502,60.399903638,67.663705253,69.019570183,5.0
NLD,19800,Hekkert Maastricht B.V.,NLD, 2651139,0193,202504,589.560033275,660.461589076,657.146053157,4.0
NLD,06600,Gerritse Oss,NLD, 2683906,0464,202504,51.400314262,57.581809011,64.526624566,4.0
NLD,06600,Gerritse Oss,NLD, 2683904,0464,202504,51.400314262,57.581809011,64.526624566,4.0
NLD,10300,Gerritse Culemborg,NLD, 2715824,0201,202504,346.949810519,388.674622179,386.725890574,3.0
NLD,19800,Hekkert Maastricht B.V.,NLD, 2607165,0019,202507,34.279744136,38.402288132,38.223619511,4.0
NLD,19800,Hekkert Maastricht B.V.,NLD, 2673146,0464,202507,76.829850746,86.069547479,85.644373488,1.0
NLD,19800,Hekkert Maastricht B.V.,NLD, 2695309,0709,202507,170.910021322,191.463969433,190.511388604,1.0
NLD,19800,Hekkert Maastricht B.V.,NLD, 2746606,0107,202507,28.120255864,31.502048666,31.34535533,1.0
NLD,19800,Hekkert Maastricht B.V.,NLD, 2401737,0008,202505,176.680001758,197.927858132,196.941897725,2.0
NLD,19800,Hekkert Maastricht B.V.,NLD, 2320832,0132,202505,53.519145382,59.955454546,59.687541228,4.0
NLD,19800,Hekkert Maastricht B.V.,NLD, 2261879,0444,202505,85.499626324,95.781965933,95.446089311,30.0
NLD,19800,Hekkert Maastricht B.V.,NLD, 2380578,0459,202505,22.089945927,24.746522753,24.623400824,1.0
NLD,19800,Hekkert Maastricht B.V.,NLD, 2408328,0459,202505,26.649668088,29.854605344,29.709813955,1.0
NLD,19800,Hekkert Maastricht B.V.,NLD, 1748479,0285,202509,31.699892819,35.512179232,35.333513683,2.0
NLD,19800,Hekkert Maastricht B.V.,NLD, 1778042,0011,202509,7.260021436,8.133124738,9.108100716,1.0
NLD,06600,Gerritse Oss,NLD, 2245507,0458,202504,-5.40992698,-6.060534583,-6.027399933,-1.0
NLD,06600,Gerritse Oss,NLD, 2361236,0059,202504,194.669562806,218.080876483,216.994681236,1.0
NLD,06600,Gerritse Oss,NLD, 2309392,0457,202504,61.550050836,68.952171261,68.605292894,1.0
NLD,06600,Gerritse Oss,NLD, 2239044,0060,202504,70.199648766,78.64198548,78.250582427,1.0
NLD,10300,Gerritse Culemborg,NLD, 2221409,0011,202504,17.310287457,19.392053932,19.290579066,1.0
NLD,19800,Hekkert Maastricht B.V.,NLD, 2288656,0017,202504,40.419632129,45.280570186,50.72500737,2.0
NLD,19800,Hekkert Maastricht B.V.,NLD, 2344539,0562,202504,41.050004621,45.986752415,51.521274428,1.0
NLD,19800,Hekkert Maastricht B.V.,NLD, 2367746,0512,202504,31.660042518,35.467536487,35.288402285,1.0
NLD,19800,Hekkert Maastricht B.V.,NLD, 2673146,0464,202505,76.830351255,86.070108174,85.643613811,1.0
NLD,19800,Hekkert Maastricht B.V.,NLD, 2636144,0119,202505,94.629621489,106.009950819,105.483973938,1.0
NLD,06600,Gerritse Oss,NLD, 2385774,0108,202502,608.31992291,681.477576693,720.911008237,32.0
NLD,06600,Gerritse Oss,NLD, 2477194,0084,202502,16.769934955,18.786717654,19.47004767,3.0
NLD,06600,Gerritse Oss,NLD, 2476233,0500,202502,21.139966273,23.682296839,23.570027768,2.0
NLD,06600,Gerritse Oss,NLD, 2464982,0507,202502,106.519874729,119.330147454,118.736416792,1.0
NLD,06600,Gerritse Oss,NLD, 2466309,0054,202502,5.359672368,6.004236257,5.970771438,1.0
NLD,06600,Gerritse Oss,NLD, 2468342,0102,202502,187.440134907,209.982024426,208.906832173,24.0
NLD,10300,Gerritse Culemborg,NLD, 2413300,0002,202502,132.05974464,147.941488297,147.202023745,2.0
NLD,10300,Gerritse Culemborg,NLD, 2495322,0385,202502,255.750421585,286.507429686,285.028500583,11.0
NLD,10300,Gerritse Culemborg,NLD, 2407543,0558,202502,500.399903638,560.578900781,557.890920148,20.0
NLD,10300,Gerritse Culemborg,NLD, 2414651,0612,202502,49.400144543,55.341095243,61.995196697,1.0
NLD,10300,Gerritse Culemborg,NLD, 2366812,0553,202502,133.229583233,149.252013794,167.221542155,1.0
NLD,10300,Gerritse Culemborg,NLD, 2449338,0547,202502,49.850156589,55.84522655,55.564553874,1.0
NLD,10300,Gerritse Culemborg,NLD, 2509100,0016,202502,39.200192725,43.914478776,43.689940635,1.0
NLD,19800,Hekkert Maastricht B.V.,NLD, 2429645,0188,202502,880.0,985.830391056,980.901347052,1.0
NLD,19800,Hekkert Maastricht B.V.,NLD, 2420714,0198,202502,97.790411949,109.550863697,109.001392957,1.0
NLD,19800,Hekkert Maastricht B.V.,NLD, 2452920,0200,202502,277.679595278,311.073845456,309.517191612,1.0
NLD,19800,Hekkert Maastricht B.V.,NLD, 2385498,0193,202502,719.949891592,806.532367238,802.499316778,5.0
NLD,19800,Hekkert Maastricht B.V.,NLD, 1359941,0102,202505,102.099617532,114.378302089,113.818836044,10.0
NLD,19800,Hekkert Maastricht B.V.,NLD, 1406755,0201,202505,27.300303337,30.583487163,30.415056364,5.0
NLD,19800,Hekkert Maastricht B.V.,NLD, 1416459,0468,202505,58.90974634,65.994338919,65.669297026,1.0
NLD,19800,Hekkert Maastricht B.V.,NLD, 1324768,0022,202505,1.399745021,1.568080888,1.557246158,1.0
NLD,17000,Autobedrijf Kleijer,NLD, 0027405,0855,202505,487.999296611,546.686974115,546.686974115,0.0
NLD,08703,Autocentrum Gennep B.V.,NLD, 0027420,0870,202505,63.999648305,71.696361694,71.696361694,0.0
NLD,05101,De Hartog B.V.,NLD, 0027420,0870,202505,63.999648305,71.696361694,71.696361694,0.0
NLD,27502,Garage Dunnebier B.V.,NLD, 0027420,0870,202505,63.999648305,71.696361694,71.696361694,0.0
NLD,25305,Autobedrijf Splinter,NLD, 0027420,0870,202505,63.999648305,71.696361694,71.696361694,0.0
NLD,12200,Autobedrijf Poll Naarden B.V.,NLD, 0027420,0870,202505,63.999648305,71.696361694,71.696361694,0.0
NLD,27501,Martijn Kooijman Autobedrijf B.V.,NLD, 0027420,0870,202505,63.999648305,71.696361694,71.696361694,0.0
NLD,06202,Garagebedrijf Korterink B.V.,NLD, 0027405,0855,202505,243.999648305,273.343487058,273.343487058,0.0
NLD,01205,Van Leussen Ommen B.V.,NLD, 0027405,0855,202505,243.999648305,273.343487058,273.343487058,0.0
NLD,19800,Hekkert Maastricht B.V.,NLD, 1744896,0590,202511,17.820146995,19.963230092,22.371332863,1.0
NLD,08703,Autocentrum Gennep B.V.,NLD, 0027420,0870,202504,64.00036972,71.697169925,71.697169925,0.0
NLD,18300,Europa Garage Coevorden B.V.,NLD, 0027420,0870,202504,64.00036972,71.697169925,71.697169925,0.0
NLD,07301,Automobielbedrijf A. Korpershoek,NLD, 0027405,0855,202504,244.00036972,273.344295449,273.344295449,0.0
NLD,10300,Gerritse Culemborg,NLD, 0027685,0870,202504,66.619835475,74.631657369,74.631657369,0.0
NLD,09905,Autobedrijf Van Drimmelen B.V.,NLD, 0027405,0855,202504,244.00036972,273.344295449,273.344295449,0.0
NLD,12200,Autobedrijf Poll Naarden B.V.,NLD, 0027256,0763,202504,240.610962196,269.547271647,269.547271647,0.0
NLD,01202,Automobielbedrijf Naberman,NLD, 0027420,0870,202504,64.00036972,71.697169925,71.697169925,0.0
NLD,04501,Autobedrijf Hans Versteden B.V.,NLD, 0027420,0870,202504,64.00036972,71.697169925,71.697169925,0.0
NLD,06600,Gerritse Oss,NLD, 1475334,0458,202504,-28.949995379,-32.431574178,-32.275220048,-1.0
NLD,06600,Gerritse Oss,NLD, 1534346,0464,202504,-5.490341067,-6.150619412,-6.116449305,-1.0
NLD,06600,Gerritse Oss,NLD, 1097637,0201,202504,-3.780386357,-4.235022457,-4.201887807,-3.0
NLD,10300,Gerritse Culemborg,NLD, 1381945,0022,202504,5.079951936,5.690876143,5.646351457,4.0
NLD,19800,Hekkert Maastricht B.V.,NLD, 1437414,0570,202504,60.539791108,67.820415871,67.48492754,1.0
NLD,06600,Gerritse Oss,NLD, 1479848,0012,202504,2.660134948,2.980047587,2.968657551,1.0
NLD,19800,Hekkert Maastricht B.V.,NLD, 1829606,0002,202507,129.800426439,145.410460358,144.692919533,2.0
NLD,19800,Hekkert Maastricht B.V.,NLD, 1855307,0069,202507,161.580383795,181.012332833,180.116123387,2.0
NLD,19800,Hekkert Maastricht B.V.,NLD, 1802375,0518,202507,159.769722814,178.983918489,200.527341295,1.0
NLD,19800,Hekkert Maastricht B.V.,NLD, 1782330,0008,202507,198.330063966,222.181595972,248.922651385,1.0
NLD,19800,Hekkert Maastricht B.V.,NLD, 1848678,0107,202507,19.489978678,21.833878745,24.4661357,1.0
NLD,19800,Hekkert Maastricht B.V.,NLD, 2792364,0522,202510,299.950610976,336.023213881,334.375756017,7.0
NLD,19800,Hekkert Maastricht B.V.,NLD, 2813569,0460,202510,195.939881637,219.503966139,218.405978877,1.0
NLD,19800,Hekkert Maastricht B.V.,NLD, 1251765,0008,202510,84.129944224,94.247563457,105.595657699,1.0
NLD,08703,Autocentrum Gennep B.V.,NLD, 0027420,0870,202510,63.999659386,71.69637416,71.69637416,0.0
NLD,01206,Auto Zutphen B.V.,NLD, 0027420,0870,202510,63.999659386,71.69637416,71.69637416,0.0
NLD,25305,Autobedrijf Splinter,NLD, 0027405,0855,202510,243.999659386,273.343499671,273.343499671,0.0
NLD,27501,Martijn Kooijman Autobedrijf B.V.,NLD, 0027405,0855,202510,243.999659386,273.343499671,273.343499671,0.0
NLD,01206,Auto Zutphen B.V.,NLD, 0027405,0855,202510,243.999659386,273.343499671,273.343499671,0.0
NLD,08703,Autocentrum Gennep B.V.,NLD, 0027405,0855,202510,243.999659386,273.343499671,273.343499671,0.0
NLD,05302,Gebr. Huisman,NLD, 0027405,0855,202510,243.999659386,273.343499671,273.343499671,0.0
NLD,11200,Autobedrijf Jitze Hoogterp B.V.,NLD, 0027405,0855,202510,243.999659386,273.343499671,273.343499671,0.0
NLD,09901,Autobedrijf Van de Wouw B.V.,NLD, 0027405,0855,202510,243.999659386,273.343499671,273.343499671,0.0
NLD,02701,Auto Oostdijk,NLD, 0027254,0662,202510,161.600034061,181.034346394,181.034346394,0.0
NLD,12200,Autobedrijf Poll Naarden B.V.,NLD, 0027256,0763,202510,846.120832801,947.876854274,947.876854274,0.0
NLD,19800,Hekkert Maastricht B.V.,NLD, 1891382,0081,202506,74.819845645,83.817815564,93.911287996,1.0
NLD,19800,Hekkert Maastricht B.V.,NLD, 2014533,0709,202506,261.920176406,293.419170397,291.9518374,1.0
NLD,06600,Gerritse Oss,NLD, 1823388,0149,202503,-32.049814877,-35.904183553,-35.72534674,-1.0
NLD,06600,Gerritse Oss,NLD, 1794593,0459,202503,-48.039621099,-53.816952778,-53.548697558,-1.0
NLD,06600,Gerritse Oss,NLD, 1766582,0553,202503,-10.110112035,-11.325972386,-11.269951215,-1.0
NLD,06600,Gerritse Oss,NLD, 1830726,0081,202503,-11.599749964,-12.994756864,-12.927962392,-1.0
NLD,10300,Gerritse Culemborg,NLD, 1767062,0022,202503,17.999711497,20.164389341,20.052347,10.0
NLD,19800,Hekkert Maastricht B.V.,NLD, 1790221,0002,202503,122.419579747,137.141979716,136.470803002,2.0
NLD,19800,Hekkert Maastricht B.V.,NLD, 1829702,0107,202503,75.419531663,84.489620883,84.064075455,2.0
NLD,10300,Gerritse Culemborg,NLD, 1754861,0026,202503,5.699860557,6.385336092,6.362712157,2.0
NLD,10300,Gerritse Culemborg,NLD, 1764259,0022,202503,6.879838438,7.707220246,7.663049708,4.0
NLD,19800,Hekkert Maastricht B.V.,NLD, 1802090,0187,202503,238.199740347,266.846071736,265.501563647,20.0
NLD,06600,Gerritse Oss,NLD, 1751735,0107,202503,22.810020676,25.553194998,25.430379355,1.0
NLD,06600,Gerritse Oss,NLD, 1760373,0109,202503,17.899697072,20.052347,19.952155292,1.0
NLD,06600,Gerritse Oss,NLD, 1831528,0007,202503,6.570178391,7.360319922,7.326922686,1.0
NLD,06600,Gerritse Oss,NLD, 1792657,0457,202503,41.000144252,45.930895719,45.694960405,1.0
NLD,10300,Gerritse Culemborg,NLD, 1802052,0141,202503,30.869836996,34.582299399,34.414235888,1.0
NLD,06600,Gerritse Oss,NLD, 1731836,0487,202503,28.300235611,31.703673106,31.591630766,10.0
NLD,19800,Hekkert Maastricht B.V.,NLD, 1842006,0055,202503,56.949560033,63.798417075,63.463367383,5.0
NLD,06600,Gerritse Oss,NLD, 1764075,0084,202501,112.599173951,126.140554247,125.514300887,4.0
NLD,06600,Gerritse Oss,NLD, 1812356,0459,202501,54.080299683,60.584094328,60.269891611,4.0
NLD,23400,Autobedrijf Poll B.V.,NLD, 1790816,0472,202501,27.759100951,31.097460634,30.918838542,8.0
NLD,06600,Gerritse Oss,NLD, 1830908,0039,202501,368.968398809,413.341205733,411.305344296,7.0
NLD,10300,Gerritse Culemborg,NLD, 1767062,0022,202501,18.000192105,20.164927761,20.053019944,10.0
NLD,23400,Autobedrijf Poll B.V.,NLD, 1825134,0002,202501,105.23965037,117.89596105,117.313825195,2.0
NLD,10300,Gerritse Culemborg,NLD, 1771635,0487,202501,6.180001921,6.923220129,6.900623358,2.0
NLD,06600,Gerritse Oss,NLD, 1832493,0011,202501,61.119969263,68.470367303,68.134643852,2.0
NLD,23400,Autobedrijf Poll B.V.,NLD, 1755696,0022,202501,4.520218999,5.063828711,5.063828711,4.0
NLD,23400,Autobedrijf Poll B.V.,NLD, 1770305,0187,202501,397.200076842,444.968076423,442.615860196,30.0
NLD,10300,Gerritse Culemborg,NLD, 1791368,0056,202501,425.200268946,476.335622269,473.870422189,20.0
NLD,19800,Hekkert Maastricht B.V.,NLD, 1844197,0055,202501,30.120065316,33.742358843,37.808701533,1.0
NLD,06600,Gerritse Oss,NLD, 1796337,0015,202501,20.900009605,23.413482558,23.301574741,1.0
NLD,10300,Gerritse Culemborg,NLD, 1841532,0096,202501,328.530400538,368.040060657,412.335111418,1.0
NLD,10300,Gerritse Culemborg,NLD, 1874687,0011,202501,65.660359235,73.556792784,73.18663616,1.0
NLD,19800,Hekkert Maastricht B.V.,NLD, 1871092,0040,202501,63.509749304,71.147546613,79.706342526,1.0
NLD,10300,Gerritse Culemborg,NLD, 1828787,0487,202501,13.649985592,15.291557546,15.213006866,1.0
NLD,06600,Gerritse Oss,NLD, 1828787,0487,202501,13.649985592,15.291557546,15.213006866,1.0
NLD,23400,Autobedrijf Poll B.V.,NLD, 1765965,0459,202501,75.189703199,84.232152886,83.80711839,1.0
NLD,06600,Gerritse Oss,NLD, 1819264,0468,202501,115.969647488,129.916367027,129.267516897,1.0
NLD,10300,Gerritse Culemborg,NLD, 1796132,0033,202501,130.689655172,146.406629457,145.679228648,1.0
NLD,06600,Gerritse Oss,NLD, 1808647,0486,202501,18.989530304,21.273245562,23.827756688,1.0
NLD,19800,Hekkert Maastricht B.V.,NLD, 1788940,0072,202501,30.500432235,34.168469376,38.278929571,1.0
NLD,23400,Autobedrijf Poll B.V.,NLD, 1756395,0069,202501,72.589568725,81.319321539,80.916883813,1.0
NLD,19800,Hekkert Maastricht B.V.,NLD, 1846364,0489,202501,9.709922198,10.877655002,10.821701093,1.0
NLD,06600,Gerritse Oss,NLD, 1839688,0285,202501,455.010085487,509.730421257,507.13071659,29.0
NLD,06600,Gerritse Oss,NLD, 1870533,0201,202501,66.000384209,73.937709776,73.600910289,10.0
NLD,23400,Autobedrijf Poll B.V.,NLD, 1764075,0084,202501,282.899817501,316.92186118,315.354075708,10.0
NLD,23400,Autobedrijf Poll B.V.,NLD, 1747279,0487,202501,14.799731054,16.579573476,18.596066252,10.0
NLD,06600,Gerritse Oss,NLD, 2018759,0026,202504,10.039744893,11.247142771,11.202618085,4.0
NLD,06600,Gerritse Oss,NLD, 2050651,0486,202504,-2.359737499,-2.643523798,-2.632133762,-1.0
NLD,06600,Gerritse Oss,NLD, 2203350,0557,202504,-5.150198724,-5.769570937,-5.735400829,-1.0
NLD,06600,Gerritse Oss,NLD, 2190891,0437,202504,-5.820316111,-6.520277852,-6.486107744,-1.0
NLD,19800,Hekkert Maastricht B.V.,NLD, 2183958,0512,202504,48.05989463,53.839664473,53.570445441,2.0
NLD,19800,Hekkert Maastricht B.V.,NLD, 2218910,0022,202504,6.640170071,7.438728932,8.334399941,4.0
NLD,06600,Gerritse Oss,NLD, 2143213,0455,202504,24.430169147,27.36818547,27.233575954,1.0
NLD,19800,Hekkert Maastricht B.V.,NLD, 2035528,0201,202504,5.140031426,5.758180901,5.725046251,1.0
NLD,10300,Gerritse Culemborg,NLD, 2193992,0512,202504,31.660042518,35.467536487,35.288402285,1.0
NLD,10300,Gerritse Culemborg,NLD, 2143373,0022,202504,-1.570385433,-1.759242825,-1.747852789,-1.0
NLD,19800,Hekkert Maastricht B.V.,NLD, 2775738,0141,202506,104.819404631,117.425175755,116.854052205,3.0
NLD,19800,Hekkert Maastricht B.V.,NLD, 2776042,0464,202506,34.4,38.537006198,38.346302314,1.0
NLD,19800,Hekkert Maastricht B.V.,NLD, 2566957,0505,202505,23.319998242,26.124503383,25.990546724,4.0
NLD,19800,Hekkert Maastricht B.V.,NLD, 2556215,0489,202505,4.700400053,5.265678659,5.243024224,2.0
NLD,19800,Hekkert Maastricht B.V.,NLD, 2595032,0517,202508,15.320319665,17.162769008,17.072752774,1.0
NLD,06600,Gerritse Oss,NLD, 5350915,0006,202504,-14.720399298,-16.490701138,-16.412006345,-1.0
NLD,10300,Gerritse Culemborg,NLD, 2751835,0109,202504,111.440059155,124.842042205,124.21455477,7.0
NLD,19800,Hekkert Maastricht B.V.,NLD, 2840614,0880,202504,25.129864128,28.152027035,27.995672905,7.0
NLD,06600,Gerritse Oss,NLD, 2769882,0016,202504,67.850078565,76.009851718,75.628803243,1.0
NLD,06600,Gerritse Oss,NLD, 5205882,0060,202504,-50.960347537,-57.088931092,-56.808322024,-1.0
NLD,06600,Gerritse Oss,NLD, 5144018,0505,202504,-18.659765228,-20.90382234,-20.803382932,-1.0
NLD,06600,Gerritse Oss,NLD, 4655702,0177,202504,-2.9401978,-3.293791305,-3.293791305,-2.0
NLD,06600,Gerritse Oss,NLD, 5109377,0074,202504,120.309640447,134.778295384,134.106283263,1.0
NLD,06600,Gerritse Oss,NLD, 2704422,0161,202501,7.200076842,8.065971104,8.020777563,4.0
NLD,06600,Gerritse Oss,NLD, 2705404,0464,202501,54.359811738,60.897221007,60.584094328,4.0
NLD,23400,Autobedrijf Poll B.V.,NLD, 2636989,0570,202501,223.900681971,250.827382911,249.582408449,3.0
NLD,10300,Gerritse Culemborg,NLD, 2651139,0193,202501,442.169820382,495.34596265,492.859241836,3.0
NLD,10300,Gerritse Culemborg,NLD, 2590514,0517,202501,15.420228604,17.274693184,17.184306101,2.0
NLD,06600,Gerritse Oss,NLD, 2715824,0201,202501,2891.250600327,3238.957626376,3222.712700314,25.0
NLD,10300,Gerritse Culemborg,NLD, 2646794,0439,202501,643.319565844,720.686340282,717.079465263,1.0
NLD,06600,Gerritse Oss,NLD, 2688312,0461,202501,51.09979829,57.245152447,56.954622538,1.0
NLD,06600,Gerritse Oss,NLD, 2622493,0074,202501,57.4200365,64.325473934,64.000510851,1.0
NLD,10300,Gerritse Culemborg,NLD, 2678374,0508,202501,173.999615791,194.925124266,193.951311052,1.0
